I,J,V
1,1,-1
2,1,1
1,2,-1
2,2,1
1,3,-1
2,3,-1
1,4,-1
3,4,-1
4,4,1
1,5,-1
3,5,1
4,5,-1
1,6,-1
4,6,-1
5,6,1
1,7,1
6,7,-1
1,8,1
6,8,-1
2,9,-1
3,9,-1
4,9,1
2,10,-1
4,10,-1
5,10,1
3,11,-2
4,11,2
3,12,-1
4,12,2
5,12,-1
3,13,1
4,13,1
5,13,-1
4,14,-1
5,14,-1
7,14,1
6,15,-1
8,15,2
2,16,-1
8,16,-1
9,16,1
8,17,-1
9,17,1
10,17,-1
8,18,-1
9,18,1
11,18,-1
8,19,-1
9,19,1
12,19,-1
2,20,-1
8,20,1
9,20,-1
8,21,-1
9,21,-1
9,22,-2
12,22,1
9,23,-2
12,23,1
3,24,-1
8,24,-1
13,24,1
4,25,-1
8,25,-1
14,25,1
4,26,1
5,26,-1
8,26,-1
9,26,1
3,27,-1
4,27,1
8,27,1
9,27,-1
4,28,-1
9,28,-1
15,28,1
4,29,1
8,29,-1
15,29,-1
4,30,1
5,30,-1
8,30,1
9,30,-1
4,31,1
8,31,-1
13,31,-1
5,32,1
8,32,-1
14,32,-1
1,33,-1
16,33,-1
17,33,1
8,34,-1
16,34,-1
18,34,1
9,35,1
17,35,1
18,35,-1
14,36,-1
19,36,1
7,37,-1
19,37,2
17,38,-1
20,38,1
2,39,-1
6,39,1
1,40,1
2,40,-1
8,41,2
12,41,-1
1,42,1
3,42,1
4,42,-1
3,43,1
5,43,-1
1,44,1
4,44,1
5,44,-1
3,45,1
8,45,1
13,45,-1
4,46,1
8,46,1
14,46,-1
4,47,1
5,47,1
7,47,-1
4,48,1
9,48,1
15,48,-1
8,49,-1
9,49,1
21,49,-1
22,49,1
9,50,2
11,50,1
22,50,-1
10,51,1
11,51,1
22,51,-1
5,52,-1
9,52,1
11,52,1
14,52,1
22,52,-1
8,53,-1
9,53,1
11,53,1
22,53,-1
23,54,-1
24,54,-1
25,54,1
8,55,-1
24,55,-1
25,55,1
8,56,-1
26,56,-1
27,56,1
8,57,-1
28,57,-1
29,57,1
8,58,-1
30,58,-1
31,58,1
8,59,-1
32,59,-1
33,59,1
5,60,-1
34,60,-1
35,60,1
2,61,-1
34,61,-1
36,61,1
37,61,1
2,62,-1
34,62,-1
36,62,1
38,62,1
2,63,-1
22,63,1
34,63,-1
39,63,1
2,64,-1
22,64,1
34,64,-1
40,64,1
8,65,-1
34,65,-1
41,65,1
8,66,-1
34,66,-1
42,66,1
8,67,-1
34,67,-1
43,67,1
8,68,-1
9,68,1
34,68,-1
44,68,1
8,69,-1
9,69,1
34,69,-1
45,69,1
8,70,-1
34,70,-1
46,70,1
8,71,-1
34,71,-1
47,71,1
8,72,-1
25,72,1
48,72,-1
8,73,-1
48,73,-1
49,73,1
8,74,-1
50,74,-1
51,74,1
8,75,-1
50,75,-1
52,75,1
5,76,-1
14,76,1
53,76,-1
54,76,1
8,77,-1
53,77,-1
54,77,1
8,78,-1
55,78,-1
56,78,1
8,79,-1
9,79,1
57,79,-1
5,80,-1
14,80,1
58,80,-1
59,80,1
8,81,-1
58,81,-1
59,81,1
8,82,-1
58,82,-1
60,82,1
9,83,-1
25,83,-1
61,83,1
9,84,-1
22,84,1
25,84,-1
3,85,-1
25,85,-1
62,85,1
3,86,-1
4,86,1
25,86,-1
63,86,1
4,87,-1
25,87,-1
64,87,1
4,88,1
5,88,-1
25,88,-1
63,88,1
25,89,-1
63,89,1
21,90,1
25,90,-1
22,91,1
25,91,-1
9,92,-1
27,92,-1
65,92,1
9,93,-1
27,93,-1
66,93,1
3,94,-1
4,94,1
27,94,-1
67,94,1
4,95,1
5,95,-1
27,95,-1
67,95,1
27,96,-1
67,96,1
27,97,-1
68,97,1
27,98,-1
66,98,1
9,99,-1
29,99,-1
69,99,1
3,100,-1
4,100,1
29,100,-1
70,100,1
4,101,1
5,101,-1
29,101,-1
70,101,1
29,102,-1
70,102,1
29,103,-1
71,103,1
29,104,-1
72,104,1
9,105,-1
31,105,-1
73,105,1
3,106,-1
4,106,1
31,106,-1
74,106,1
4,107,1
5,107,-1
31,107,-1
74,107,1
31,108,-1
74,108,1
31,109,-1
75,109,1
9,110,-1
33,110,-1
76,110,1
3,111,-1
4,111,1
33,111,-1
77,111,1
4,112,1
5,112,-1
33,112,-1
77,112,1
33,113,-1
77,113,1
33,114,-1
78,114,1
33,115,-1
79,115,1
9,116,-1
35,116,-1
80,116,1
3,117,-1
35,117,-1
81,117,1
3,118,-1
4,118,1
35,118,-1
82,118,1
4,119,1
5,119,-1
35,119,-1
82,119,1
35,120,-1
83,120,1
35,121,-1
84,121,1
35,122,-1
82,122,1
36,123,-1
85,123,1
11,124,1
36,124,-1
8,125,1
9,125,1
11,125,1
36,125,-1
9,126,1
11,126,1
37,126,-1
86,126,1
9,127,1
37,127,-1
87,127,1
5,128,-1
14,128,1
37,128,-1
87,128,1
2,129,-1
22,129,1
37,129,-1
88,129,1
2,130,-1
37,130,-1
89,130,1
90,130,1
8,131,-1
37,131,-1
87,131,1
8,132,-1
37,132,-1
91,132,1
8,133,-1
37,133,-1
92,133,1
11,134,1
38,134,-1
93,134,1
9,135,1
11,135,1
22,135,1
38,135,-1
94,135,1
2,136,-1
22,136,1
38,136,-1
95,136,1
2,137,-1
38,137,-1
89,137,1
96,137,1
8,138,-1
38,138,-1
97,138,1
8,139,-1
38,139,-1
98,139,1
39,140,-1
93,140,1
9,141,1
22,141,1
39,141,-1
94,141,1
39,142,-1
99,142,1
8,143,1
11,143,1
22,143,1
39,143,-1
94,143,1
40,144,-1
93,144,1
9,145,1
11,145,1
22,145,1
25,145,1
40,145,-1
40,146,-1
100,146,1
8,147,1
40,147,-1
101,147,1
41,148,-1
102,148,1
41,149,-1
103,149,1
42,150,-1
104,150,1
42,151,-1
105,151,1
9,152,-1
43,152,-1
106,152,1
3,153,-1
43,153,-1
107,153,1
3,154,-1
4,154,1
43,154,-1
108,154,1
4,155,1
5,155,-1
43,155,-1
108,155,1
43,156,-1
109,156,1
43,157,-1
108,157,1
43,158,-1
110,158,1
5,159,-1
44,159,-1
111,159,1
2,160,-1
44,160,-1
112,160,1
113,160,1
2,161,-1
22,161,1
44,161,-1
114,161,1
8,162,-1
44,162,-1
115,162,1
8,163,-1
44,163,-1
116,163,1
9,164,1
11,164,1
44,164,-1
117,164,1
5,165,-1
45,165,-1
118,165,1
2,166,-1
45,166,-1
96,166,1
113,166,1
2,167,-1
22,167,1
45,167,-1
119,167,1
8,168,-1
45,168,-1
120,168,1
45,169,-1
94,169,1
121,169,1
46,170,-1
122,170,1
46,171,-1
103,171,1
47,172,-1
123,172,1
47,173,-1
105,173,1
9,174,-1
49,174,-1
124,174,1
3,175,-1
49,175,-1
125,175,1
3,176,-1
4,176,1
49,176,-1
126,176,1
4,177,1
5,177,-1
49,177,-1
126,177,1
49,178,-1
126,178,1
49,179,-1
127,179,1
49,180,-1
128,180,1
9,181,-1
51,181,-1
129,181,1
9,182,-1
51,182,-1
130,182,1
3,183,-1
51,183,-1
131,183,1
3,184,-1
4,184,1
51,184,-1
132,184,1
4,185,1
5,185,-1
51,185,-1
132,185,1
51,186,-1
129,186,1
51,187,-1
133,187,1
51,188,-1
132,188,1
9,189,-1
52,189,-1
134,189,1
3,190,-1
4,190,1
52,190,-1
135,190,1
4,191,1
5,191,-1
52,191,-1
135,191,1
52,192,-1
135,192,1
52,193,-1
136,193,1
52,194,-1
137,194,1
9,195,-1
54,195,-1
138,195,1
9,196,-1
48,196,1
54,196,-1
3,197,-1
54,197,-1
139,197,1
3,198,-1
4,198,1
54,198,-1
140,198,1
4,199,1
5,199,-1
54,199,-1
140,199,1
54,200,-1
140,200,1
54,201,-1
141,201,1
48,202,1
54,202,-1
9,203,-1
56,203,-1
142,203,1
3,204,-1
4,204,1
56,204,-1
143,204,1
4,205,1
5,205,-1
56,205,-1
143,205,1
56,206,-1
143,206,1
56,207,-1
144,207,1
56,208,-1
145,208,1
9,209,-1
59,209,-1
146,209,1
3,210,-1
59,210,-1
147,210,1
3,211,-1
4,211,1
59,211,-1
148,211,1
4,212,1
5,212,-1
59,212,-1
148,212,1
59,213,-1
148,213,1
59,214,-1
149,214,1
59,215,-1
150,215,1
9,216,-1
60,216,-1
151,216,1
3,217,-1
60,217,-1
152,217,1
3,218,-1
4,218,1
60,218,-1
153,218,1
4,219,1
5,219,-1
60,219,-1
153,219,1
60,220,-1
154,220,1
60,221,-1
153,221,1
60,222,-1
155,222,1
8,223,1
61,223,-1
63,223,1
8,224,-1
25,224,1
61,224,-1
8,225,1
22,225,1
61,225,-1
4,226,1
62,226,-1
63,226,1
4,227,1
8,227,-1
22,227,1
62,227,-1
9,228,1
22,228,1
63,228,-1
4,229,1
25,229,1
64,229,-1
8,230,-1
27,230,1
65,230,-1
8,231,1
65,231,-1
66,231,1
8,232,1
65,232,-1
67,232,1
5,233,-1
11,233,1
14,233,1
23,233,1
66,233,-1
8,234,-1
11,234,1
23,234,1
66,234,-1
9,235,1
11,235,1
23,235,1
66,235,-1
9,236,1
66,236,1
67,236,-1
8,237,-1
9,237,1
66,237,1
68,237,-1
8,238,-1
29,238,1
69,238,-1
8,239,1
69,239,-1
72,239,1
8,240,1
69,240,-1
70,240,1
23,241,1
66,241,1
70,241,-1
8,242,-1
9,242,1
71,242,-1
72,242,1
11,243,1
23,243,2
72,243,-1
8,244,-1
31,244,1
73,244,-1
8,245,1
73,245,-1
74,245,1
23,246,1
72,246,1
74,246,-1
8,247,-1
74,247,1
75,247,-1
8,248,-1
33,248,1
76,248,-1
8,249,1
76,249,-1
79,249,1
8,250,1
76,250,-1
77,250,1
9,251,1
77,251,-1
79,251,1
8,252,-1
9,252,1
78,252,-1
79,252,1
5,253,-1
14,253,1
79,253,-1
156,253,1
8,254,-1
79,254,-1
156,254,1
9,255,1
11,255,1
31,255,1
79,255,-1
8,256,1
80,256,-1
82,256,1
8,257,1
80,257,-1
84,257,1
4,258,1
81,258,-1
82,258,1
4,259,1
8,259,-1
81,259,-1
84,259,1
9,260,1
82,260,-1
84,260,1
4,261,1
83,261,-1
157,261,1
2,262,-1
83,262,-1
158,262,1
159,262,1
2,263,-1
83,263,-1
160,263,1
161,263,1
8,264,-1
83,264,-1
162,264,1
4,265,1
9,265,1
11,265,2
84,265,-1
163,265,1
4,266,1
8,266,1
11,266,1
84,266,-1
164,266,1
5,267,-1
14,267,1
84,267,-1
165,267,1
2,268,-1
84,268,-1
159,268,1
166,268,1
2,269,-1
84,269,-1
167,269,1
168,269,1
8,270,-1
84,270,-1
169,270,1
8,271,-1
84,271,-1
165,271,1
11,272,-1
22,272,1
85,272,-1
3,273,-1
4,273,1
22,273,1
85,273,-1
4,274,-1
5,274,1
22,274,1
85,274,-1
16,275,-1
17,275,1
22,275,1
85,275,-1
12,276,1
22,276,1
85,276,-1
57,277,1
85,277,-1
22,278,1
86,278,-1
94,278,1
11,279,1
22,279,1
25,279,1
86,279,-1
8,280,1
9,280,-1
86,280,1
87,280,-1
2,281,1
9,281,-1
87,281,-1
170,281,1
9,282,-1
87,282,-1
171,282,1
3,283,-1
4,283,1
86,283,1
87,283,-1
4,284,-1
87,284,-1
172,284,1
4,285,1
5,285,-1
86,285,1
87,285,-1
86,286,1
87,286,-1
87,287,-1
170,287,1
88,288,-1
173,288,1
8,289,1
11,289,1
88,289,-1
94,289,1
9,290,1
11,290,1
89,290,-1
94,290,1
5,291,-1
11,291,1
14,291,1
89,291,-1
94,291,1
8,292,-1
11,292,1
89,292,-1
94,292,1
85,293,1
90,293,-1
11,294,1
90,294,-1
8,295,1
9,295,1
11,295,1
90,295,-1
9,296,-1
91,296,-1
174,296,1
3,297,-1
91,297,-1
175,297,1
3,298,-1
4,298,1
91,298,-1
176,298,1
4,299,1
5,299,-1
91,299,-1
176,299,1
8,300,1
11,300,1
91,300,-1
163,300,1
91,301,-1
176,301,1
91,302,-1
177,302,1
9,303,-1
92,303,-1
178,303,1
3,304,-1
92,304,-1
179,304,1
3,305,-1
4,305,1
92,305,-1
180,305,1
4,306,1
5,306,-1
92,306,-1
180,306,1
92,307,-1
181,307,1
92,308,-1
177,308,1
92,309,-1
180,309,1
5,310,-1
93,310,-1
182,310,1
5,311,-1
93,311,-1
183,311,1
2,312,-1
93,312,-1
96,312,1
184,312,1
2,313,-1
22,313,1
93,313,-1
185,313,1
8,314,-1
93,314,-1
186,314,1
8,315,-1
93,315,-1
187,315,1
2,316,1
9,316,-1
94,316,-1
188,316,1
9,317,-1
94,317,-1
189,317,1
8,318,1
9,318,-1
25,318,1
94,318,-1
3,319,-1
4,319,1
25,319,1
94,319,-1
4,320,-1
94,320,-1
190,320,1
4,321,1
5,321,-1
25,321,1
94,321,-1
94,322,-1
188,322,1
25,323,1
94,323,-1
95,324,-1
184,324,1
9,325,1
22,325,1
94,325,1
95,325,-1
95,326,-1
191,326,1
8,327,1
11,327,1
94,327,1
95,327,-1
85,328,1
96,328,-1
11,329,1
96,329,-1
8,330,1
9,330,1
11,330,1
96,330,-1
9,331,-1
97,331,-1
192,331,1
3,332,-1
97,332,-1
193,332,1
3,333,-1
4,333,1
97,333,-1
194,333,1
4,334,1
5,334,-1
97,334,-1
194,334,1
97,335,-1
195,335,1
97,336,-1
194,336,1
97,337,-1
196,337,1
3,338,-1
98,338,-1
197,338,1
9,339,-1
98,339,-1
198,339,1
3,340,-1
4,340,1
98,340,-1
199,340,1
4,341,1
5,341,-1
98,341,-1
199,341,1
98,342,-1
200,342,1
98,343,-1
199,343,1
98,344,-1
196,344,1
11,345,-1
37,345,1
99,345,-1
3,346,-1
4,346,1
37,346,1
99,346,-1
4,347,-1
5,347,1
37,347,1
99,347,-1
16,348,-1
17,348,1
37,348,1
99,348,-1
99,349,-1
170,349,1
12,350,1
37,350,1
99,350,-1
11,351,-1
38,351,1
100,351,-1
3,352,-1
4,352,1
38,352,1
100,352,-1
4,353,-1
5,353,1
38,353,1
100,353,-1
16,354,-1
17,354,1
38,354,1
100,354,-1
12,355,1
38,355,1
100,355,-1
9,356,-1
101,356,-1
201,356,1
3,357,-1
4,357,1
101,357,-1
202,357,1
4,358,1
5,358,-1
101,358,-1
202,358,1
101,359,-1
202,359,1
101,360,-1
203,360,1
101,361,-1
204,361,1
9,362,-1
102,362,-1
205,362,1
3,363,-1
4,363,1
102,363,-1
206,363,1
3,364,-1
102,364,-1
207,364,1
4,365,1
5,365,-1
102,365,-1
206,365,1
102,366,-1
208,366,1
9,367,1
102,367,-1
209,367,1
41,368,1
102,368,-1
102,369,-1
206,369,1
102,370,-1
210,370,1
102,371,-1
211,371,1
9,372,-1
103,372,-1
212,372,1
3,373,-1
103,373,-1
213,373,1
3,374,-1
4,374,1
103,374,-1
214,374,1
4,375,1
5,375,-1
103,375,-1
214,375,1
41,376,1
103,376,-1
103,377,-1
214,377,1
103,378,-1
215,378,1
8,379,1
22,379,1
38,379,1
103,379,-1
46,380,1
103,380,-1
9,381,-1
104,381,-1
216,381,1
3,382,-1
4,382,1
104,382,-1
157,382,1
3,383,-1
83,383,1
104,383,-1
4,384,1
5,384,-1
104,384,-1
157,384,1
104,385,-1
217,385,1
9,386,1
104,386,-1
218,386,1
42,387,1
104,387,-1
104,388,-1
157,388,1
104,389,-1
219,389,1
104,390,-1
211,390,1
9,391,-1
105,391,-1
220,391,1
3,392,-1
105,392,-1
221,392,1
3,393,-1
4,393,1
105,393,-1
222,393,1
4,394,1
5,394,-1
105,394,-1
222,394,1
42,395,1
105,395,-1
105,396,-1
223,396,1
105,397,-1
222,397,1
105,398,-1
110,398,1
8,399,1
22,399,1
37,399,1
105,399,-1
47,400,1
105,400,-1
8,401,1
106,401,-1
109,401,1
8,402,1
106,402,-1
108,402,1
8,403,-1
107,403,-1
224,403,1
2,404,-1
107,404,-1
112,404,1
193,404,1
2,405,-1
22,405,1
107,405,-1
225,405,1
9,406,1
22,406,1
37,406,1
108,406,-1
8,407,-1
109,407,-1
226,407,1
8,408,-1
109,408,-1
227,408,1
9,409,2
11,409,1
37,409,1
109,409,-1
8,410,-1
9,410,1
110,410,-1
223,410,1
9,411,-1
111,411,-1
228,411,1
3,412,-1
4,412,1
111,412,-1
229,412,1
4,413,1
5,413,-1
111,413,-1
229,413,1
111,414,-1
229,414,1
85,415,1
112,415,-1
8,416,1
9,416,1
11,416,1
112,416,-1
5,417,-1
14,417,1
113,417,-1
230,417,1
8,418,-1
113,418,-1
230,418,1
22,419,1
113,419,-1
231,419,1
8,420,1
114,420,-1
232,420,1
114,421,-1
233,421,1
9,422,-1
115,422,-1
234,422,1
3,423,-1
115,423,-1
235,423,1
3,424,-1
4,424,1
115,424,-1
236,424,1
4,425,1
5,425,-1
115,425,-1
236,425,1
115,426,-1
236,426,1
4,427,1
8,427,1
9,427,-1
116,427,-1
117,427,1
9,428,-1
116,428,-1
237,428,1
3,429,-1
4,429,1
116,429,-1
117,429,1
4,430,-1
116,430,-1
238,430,1
4,431,1
5,431,-1
116,431,-1
117,431,1
116,432,-1
117,432,1
9,433,-1
117,433,-1
239,433,1
3,434,-1
117,434,-1
240,434,1
3,435,-1
4,435,1
117,435,-1
241,435,1
4,436,1
5,436,-1
117,436,-1
241,436,1
117,437,-1
241,437,1
9,438,-1
118,438,-1
242,438,1
3,439,-1
4,439,1
118,439,-1
243,439,1
4,440,1
5,440,-1
118,440,-1
243,440,1
118,441,-1
243,441,1
8,442,1
119,442,-1
232,442,1
9,443,1
119,443,-1
231,443,1
119,444,-1
244,444,1
119,445,-1
233,445,1
9,446,-1
120,446,-1
245,446,1
3,447,-1
120,447,-1
246,447,1
3,448,-1
4,448,1
120,448,-1
247,448,1
4,449,1
5,449,-1
120,449,-1
247,449,1
120,450,-1
247,450,1
120,451,-1
248,451,1
120,452,-1
249,452,1
9,453,-1
121,453,-1
250,453,1
3,454,-1
121,454,-1
251,454,1
3,455,-1
4,455,1
121,455,-1
252,455,1
4,456,1
5,456,-1
121,456,-1
252,456,1
121,457,-1
253,457,1
121,458,-1
254,458,1
121,459,-1
252,459,1
9,460,-1
122,460,-1
205,460,1
3,461,-1
122,461,-1
207,461,1
3,462,-1
4,462,1
122,462,-1
255,462,1
4,463,1
5,463,-1
122,463,-1
255,463,1
122,464,-1
210,464,1
122,465,-1
255,465,1
122,466,-1
211,466,1
46,467,1
122,467,-1
9,468,-1
123,468,-1
216,468,1
3,469,-1
4,469,1
123,469,-1
157,469,1
3,470,-1
83,470,1
123,470,-1
4,471,1
5,471,-1
123,471,-1
157,471,1
123,472,-1
157,472,1
123,473,-1
219,473,1
123,474,-1
211,474,1
47,475,1
123,475,-1
8,476,-1
49,476,1
124,476,-1
8,477,1
124,477,-1
128,477,1
8,478,1
124,478,-1
126,478,1
4,479,1
8,479,-1
125,479,-1
128,479,1
4,480,1
125,480,-1
126,480,1
9,481,1
126,481,-1
128,481,1
9,482,1
11,482,1
57,482,1
126,482,-1
8,483,-1
9,483,1
127,483,-1
128,483,1
8,484,-1
9,484,1
11,484,1
128,484,-1
8,485,-1
94,485,1
129,485,-1
8,486,1
129,486,1
130,486,-1
8,487,-1
51,487,1
130,487,-1
8,488,1
130,488,-1
132,488,1
4,489,1
8,489,-1
129,489,1
131,489,-1
4,490,1
131,490,-1
132,490,1
22,491,1
25,491,1
132,491,-1
8,492,-1
9,492,1
129,492,1
133,492,-1
8,493,-1
52,493,1
134,493,-1
8,494,1
134,494,-1
137,494,1
8,495,1
134,495,-1
135,495,1
25,496,1
135,496,-1
8,497,-1
9,497,1
136,497,-1
137,497,1
8,498,-1
137,498,-1
256,498,1
9,499,1
11,499,1
25,499,1
137,499,-1
8,500,1
48,500,1
138,500,-1
8,501,1
138,501,-1
140,501,1
4,502,1
8,502,-1
48,502,1
139,502,-1
4,503,1
139,503,-1
140,503,1
9,504,1
48,504,1
140,504,-1
8,505,-1
9,505,1
48,505,1
141,505,-1
8,506,-1
56,506,1
142,506,-1
8,507,1
142,507,-1
145,507,1
8,508,1
142,508,-1
143,508,1
9,509,1
143,509,-1
145,509,1
8,510,-1
9,510,1
144,510,-1
145,510,1
5,511,-1
11,511,1
14,511,1
145,511,-1
257,511,1
8,512,-1
11,512,1
145,512,-1
257,512,1
9,513,1
11,513,1
145,513,-1
257,513,1
8,514,1
146,514,-1
150,514,1
8,515,1
146,515,-1
148,515,1
4,516,1
8,516,-1
147,516,-1
150,516,1
4,517,1
147,517,-1
148,517,1
9,518,1
148,518,-1
150,518,1
8,519,-1
9,519,1
149,519,-1
150,519,1
8,520,-1
150,520,-1
258,520,1
8,521,1
151,521,-1
154,521,1
8,522,1
151,522,-1
153,522,1
4,523,1
8,523,-1
152,523,-1
154,523,1
4,524,1
152,524,-1
153,524,1
9,525,1
153,525,-1
154,525,1
8,526,-1
154,526,-1
259,526,1
8,527,-1
9,527,1
154,527,1
155,527,-1
9,528,-1
156,528,-1
260,528,1
8,529,1
9,529,-1
31,529,1
156,529,-1
3,530,-1
4,530,1
31,530,1
156,530,-1
4,531,-1
156,531,-1
261,531,1
4,532,1
5,532,-1
31,532,1
156,532,-1
31,533,1
156,533,-1
157,534,-1
262,534,1
9,535,1
157,535,-1
210,535,1
9,536,1
157,536,-1
263,536,1
158,537,-1
264,537,1
8,538,1
9,538,1
158,538,-1
168,538,1
4,539,1
8,539,-1
89,539,1
159,539,-1
4,540,1
159,540,-1
265,540,1
5,541,-1
14,541,1
160,541,-1
266,541,1
8,542,-1
9,542,1
160,542,-1
168,542,1
8,543,-1
160,543,-1
266,543,1
9,544,2
11,544,1
22,544,1
160,544,-1
161,545,-1
267,545,1
4,546,1
8,546,1
89,546,1
161,546,-1
9,547,-1
162,547,-1
268,547,1
3,548,-1
162,548,-1
269,548,1
3,549,-1
4,549,1
162,549,-1
270,549,1
4,550,1
5,550,-1
162,550,-1
270,550,1
162,551,-1
271,551,1
162,552,-1
270,552,1
162,553,-1
272,553,1
8,554,-1
9,554,1
89,554,1
163,554,-1
9,555,1
22,555,1
94,555,1
163,555,-1
8,556,-1
9,556,1
164,556,-1
181,556,1
8,557,1
9,557,1
11,557,1
89,557,1
164,557,-1
2,558,1
9,558,-1
165,558,-1
273,558,1
9,559,-1
165,559,-1
274,559,1
8,560,1
9,560,1
11,560,1
159,560,1
165,560,-1
3,561,-1
4,561,1
9,561,1
11,561,1
159,561,1
165,561,-1
4,562,-1
165,562,-1
275,562,1
4,563,1
5,563,-1
9,563,1
11,563,1
159,563,1
165,563,-1
165,564,-1
273,564,1
9,565,1
11,565,1
159,565,1
165,565,-1
166,566,-1
276,566,1
8,567,1
9,567,1
11,567,2
166,567,-1
167,568,-1
277,568,1
4,569,1
8,569,1
89,569,1
167,569,-1
10,570,1
11,570,2
168,570,-1
9,571,2
11,571,2
168,571,-1
11,572,1
22,572,1
168,572,-1
5,573,-1
14,573,1
168,573,-1
278,573,1
8,574,-1
168,574,-1
278,574,1
9,575,-1
169,575,-1
279,575,1
3,576,-1
4,576,1
169,576,-1
280,576,1
4,577,1
5,577,-1
169,577,-1
280,577,1
169,578,-1
280,578,1
169,579,-1
281,579,1
8,580,-1
86,580,1
170,580,-1
8,581,1
86,581,1
171,581,-1
8,582,1
11,582,1
163,582,1
171,582,-1
8,583,1
171,583,-1
282,583,1
8,584,-1
87,584,1
171,584,-1
4,585,1
87,585,1
172,585,-1
2,586,-1
5,586,1
22,586,1
94,586,1
172,586,-1
5,587,1
8,587,-1
11,587,1
163,587,1
172,587,-1
5,588,1
8,588,-1
172,588,-1
282,588,1
5,589,1
8,589,-1
172,589,-1
283,589,1
11,590,-1
89,590,1
173,590,-1
3,591,-1
4,591,1
89,591,1
173,591,-1
4,592,-1
5,592,1
89,592,1
173,592,-1
16,593,-1
17,593,1
89,593,1
173,593,-1
12,594,1
89,594,1
173,594,-1
8,595,1
9,595,1
11,595,1
163,595,1
174,595,-1
8,596,1
174,596,-1
176,596,1
8,597,1
11,597,1
163,597,1
174,597,-1
8,598,-1
9,598,1
175,598,-1
284,598,1
8,599,-1
175,599,-1
285,599,1
4,600,1
9,600,1
11,600,1
163,600,1
175,600,-1
9,601,1
11,601,1
163,601,1
176,601,-1
9,602,2
11,602,1
163,602,1
177,602,-1
8,603,-1
9,603,1
177,603,-1
181,603,1
8,604,1
178,604,-1
181,604,1
8,605,1
9,605,1
11,605,1
178,605,-1
286,605,1
8,606,1
178,606,-1
180,606,1
4,607,1
9,607,1
179,607,-1
181,607,1
8,608,-1
179,608,-1
287,608,1
9,609,1
22,609,1
89,609,1
180,609,-1
8,610,-1
181,610,-1
288,610,1
9,611,2
11,611,1
89,611,1
181,611,-1
9,612,-1
182,612,-1
289,612,1
3,613,-1
4,613,1
182,613,-1
290,613,1
4,614,1
5,614,-1
182,614,-1
290,614,1
182,615,-1
291,615,1
182,616,-1
290,616,1
182,617,-1
292,617,1
9,618,-1
183,618,-1
293,618,1
3,619,-1
4,619,1
183,619,-1
294,619,1
4,620,1
5,620,-1
183,620,-1
294,620,1
159,621,1
183,621,-1
183,622,-1
295,622,1
183,623,-1
294,623,1
9,624,1
11,624,1
25,624,1
184,624,-1
5,625,-1
14,625,1
94,625,1
184,625,-1
8,626,-1
94,626,1
184,626,-1
8,627,-1
184,627,-1
296,627,1
185,628,-1
297,628,1
8,629,1
11,629,1
25,629,1
185,629,-1
9,630,1
25,630,1
185,630,-1
24,631,1
185,631,-1
9,632,-1
186,632,-1
298,632,1
4,633,1
5,633,-1
186,633,-1
299,633,1
163,634,1
186,634,-1
186,635,-1
299,635,1
186,636,-1
300,636,1
3,637,-1
4,637,1
186,637,-1
299,637,1
3,638,-1
186,638,-1
292,638,1
9,639,-1
187,639,-1
301,639,1
3,640,-1
4,640,1
187,640,-1
302,640,1
3,641,-1
187,641,-1
295,641,1
4,642,1
5,642,-1
187,642,-1
302,642,1
187,643,-1
303,643,1
187,644,-1
302,644,1
187,645,-1
300,645,1
8,646,-1
25,646,1
188,646,-1
8,647,-1
94,647,1
189,647,-1
8,648,1
25,648,1
189,648,-1
4,649,1
8,649,-1
11,649,1
22,649,1
190,649,-1
4,650,1
94,650,1
190,650,-1
11,651,-1
89,651,1
191,651,-1
3,652,-1
4,652,1
89,652,1
191,652,-1
4,653,-1
5,653,1
89,653,1
191,653,-1
16,654,-1
17,654,1
89,654,1
191,654,-1
191,655,-1
304,655,1
12,656,1
89,656,1
191,656,-1
8,657,1
192,657,-1
194,657,1
8,658,1
192,658,-1
195,658,1
4,659,1
193,659,-1
194,659,1
4,660,1
8,660,-1
193,660,-1
195,660,1
9,661,1
22,661,1
89,661,1
194,661,-1
9,662,2
11,662,1
89,662,1
195,662,-1
5,663,-1
14,663,1
195,663,-1
305,663,1
8,664,-1
195,664,-1
305,664,1
9,665,1
94,665,1
160,665,1
196,665,-1
8,666,-1
9,666,1
196,666,-1
200,666,1
4,667,1
8,667,-1
197,667,-1
200,667,1
8,668,-1
9,668,1
197,668,-1
306,668,1
4,669,1
94,669,1
160,669,1
197,669,-1
8,670,1
198,670,-1
199,670,1
8,671,1
198,671,-1
200,671,1
94,672,1
160,672,1
199,672,-1
94,673,1
200,673,-1
266,673,1
8,674,-1
9,674,1
200,674,-1
307,674,1
8,675,1
22,675,1
201,675,-1
308,675,1
8,676,1
201,676,-1
202,676,1
8,677,-1
101,677,1
201,677,-1
8,678,1
201,678,-1
204,678,1
22,679,1
202,679,-1
308,679,1
2,680,-1
22,680,1
203,680,-1
309,680,1
2,681,-1
96,681,1
203,681,-1
310,681,1
8,682,-1
203,682,-1
311,682,1
8,683,-1
203,683,-1
312,683,1
11,684,1
203,684,-1
254,684,1
9,685,1
11,685,1
22,685,1
203,685,-1
266,685,1
5,686,-1
11,686,1
14,686,1
204,686,-1
308,686,1
8,687,-1
11,687,1
204,687,-1
308,687,1
9,688,1
11,688,1
204,688,-1
308,688,1
8,689,1
205,689,-1
255,689,1
8,690,1
205,690,-1
210,690,1
8,691,1
205,691,-1
313,691,1
8,692,-1
122,692,1
205,692,-1
206,693,-1
314,693,1
9,694,1
206,694,-1
219,694,1
9,695,1
206,695,-1
263,695,1
4,696,1
207,696,-1
255,696,1
2,697,-1
163,697,1
207,697,-1
315,697,1
2,698,-1
207,698,-1
316,698,1
317,698,1
8,699,-1
207,699,-1
224,699,1
9,700,-1
208,700,-1
318,700,1
3,701,-1
4,701,1
208,701,-1
319,701,1
4,702,1
5,702,-1
208,702,-1
319,702,1
208,703,-1
319,703,1
8,704,1
11,704,1
208,704,-1
320,704,1
5,705,-1
8,705,1
14,705,1
209,705,-1
321,705,1
2,706,-1
209,706,-1
322,706,1
323,706,1
2,707,-1
89,707,1
209,707,-1
324,707,1
8,708,1
209,708,-1
325,708,1
8,709,1
209,709,-1
326,709,1
8,710,1
209,710,-1
321,710,1
8,711,1
11,711,1
94,711,1
160,711,1
209,711,-1
8,712,2
11,712,1
209,712,-1
327,712,1
9,713,2
11,713,2
163,713,1
210,713,-1
9,714,1
210,714,-1
328,714,1
5,715,-1
14,715,1
210,715,-1
328,715,1
2,716,-1
163,716,1
166,716,1
210,716,-1
2,717,-1
168,717,1
210,717,-1
316,717,1
8,718,-1
9,718,1
210,718,-1
326,718,1
8,719,-1
210,719,-1
329,719,1
8,720,-1
210,720,-1
226,720,1
8,721,-1
210,721,-1
328,721,1
8,722,-1
9,722,1
210,722,1
211,722,-1
8,723,-1
9,723,1
211,723,-1
219,723,1
8,724,1
212,724,-1
214,724,1
8,725,1
212,725,-1
330,725,1
8,726,-1
103,726,1
212,726,-1
4,727,1
213,727,-1
214,727,1
2,728,-1
22,728,1
213,728,-1
331,728,1
2,729,-1
96,729,1
175,729,1
213,729,-1
8,730,-1
213,730,-1
332,730,1
8,731,-1
213,731,-1
333,731,1
9,732,1
22,732,1
38,732,1
214,732,-1
8,733,-1
214,733,1
215,733,-1
8,734,1
157,734,1
216,734,-1
8,735,1
216,735,-1
219,735,1
8,736,1
216,736,-1
334,736,1
8,737,-1
123,737,1
216,737,-1
9,738,-1
217,738,-1
335,738,1
3,739,-1
4,739,1
217,739,-1
336,739,1
4,740,1
5,740,-1
217,740,-1
336,740,1
217,741,-1
336,741,1
8,742,1
11,742,1
217,742,-1
337,742,1
5,743,-1
8,743,1
14,743,1
218,743,-1
338,743,1
2,744,-1
166,744,1
218,744,-1
339,744,1
2,745,-1
168,745,1
218,745,-1
340,745,1
8,746,1
218,746,-1
326,746,1
8,747,1
218,747,-1
338,747,1
8,748,-1
218,748,-1
341,748,1
8,749,1
9,749,1
11,749,2
163,749,1
218,749,-1
8,750,2
11,750,1
164,750,1
218,750,-1
9,751,1
11,751,1
94,751,1
160,751,1
219,751,-1
9,752,1
219,752,-1
342,752,1
5,753,-1
14,753,1
219,753,-1
342,753,1
2,754,-1
160,754,1
219,754,-1
322,754,1
2,755,-1
89,755,1
158,755,1
219,755,-1
8,756,-1
9,756,1
219,756,-1
326,756,1
8,757,-1
219,757,-1
343,757,1
8,758,-1
219,758,-1
344,758,1
8,759,-1
219,759,-1
342,759,1
8,760,1
220,760,-1
222,760,1
8,761,1
220,761,-1
223,761,1
8,762,1
220,762,-1
330,762,1
8,763,-1
105,763,1
220,763,-1
4,764,1
221,764,-1
222,764,1
2,765,-1
112,765,1
197,765,1
221,765,-1
2,766,-1
22,766,1
221,766,-1
345,766,1
8,767,-1
221,767,-1
346,767,1
9,768,1
22,768,1
37,768,1
222,768,-1
22,769,1
94,769,1
223,769,-1
266,769,1
8,770,-1
223,770,-1
347,770,1
9,771,-1
224,771,-1
348,771,1
3,772,-1
224,772,-1
349,772,1
3,773,-1
4,773,1
224,773,-1
350,773,1
4,774,1
5,774,-1
224,774,-1
350,774,1
224,775,-1
350,775,1
224,776,-1
351,776,1
8,777,1
9,777,1
225,777,-1
352,777,1
225,778,-1
353,778,1
9,779,-1
226,779,-1
354,779,1
3,780,-1
226,780,-1
355,780,1
3,781,-1
4,781,1
226,781,-1
356,781,1
4,782,1
5,782,-1
226,782,-1
356,782,1
226,783,-1
356,783,1
226,784,-1
357,784,1
9,785,-1
227,785,-1
358,785,1
8,786,1
9,786,1
37,786,1
227,786,-1
3,787,-1
4,787,1
9,787,1
37,787,1
227,787,-1
4,788,-1
227,788,-1
359,788,1
4,789,1
5,789,-1
9,789,1
37,789,1
227,789,-1
9,790,1
37,790,1
227,790,-1
8,791,-1
111,791,1
228,791,-1
8,792,1
228,792,-1
229,792,1
8,793,1
228,793,-1
229,793,1
4,794,1
22,794,1
113,794,1
229,794,-1
159,795,1
229,795,-1
296,795,1
8,796,1
9,796,-1
230,796,-1
231,796,1
9,797,-1
230,797,-1
360,797,1
3,798,-1
4,798,1
230,798,-1
231,798,1
4,799,-1
230,799,-1
361,799,1
4,800,1
5,800,-1
230,800,-1
231,800,1
230,801,-1
231,801,1
8,802,1
9,802,-1
231,802,-1
265,802,1
9,803,-1
231,803,-1
339,803,1
3,804,-1
4,804,1
231,804,-1
265,804,1
4,805,1
5,805,-1
231,805,-1
265,805,1
163,806,1
231,806,-1
231,807,-1
265,807,1
89,808,1
231,808,-1
9,809,-1
232,809,-1
362,809,1
3,810,-1
4,810,1
232,810,-1
363,810,1
4,811,1
5,811,-1
232,811,-1
363,811,1
232,812,-1
363,812,1
11,813,-1
113,813,1
233,813,-1
3,814,-1
4,814,1
113,814,1
233,814,-1
4,815,-1
5,815,1
113,815,1
233,815,-1
16,816,-1
17,816,1
113,816,1
233,816,-1
12,817,1
113,817,1
233,817,-1
233,818,-1
364,818,1
8,819,-1
115,819,1
234,819,-1
8,820,1
234,820,-1
236,820,1
8,821,1
234,821,-1
236,821,1
4,822,1
8,822,-1
22,822,1
113,822,1
235,822,-1
4,823,1
235,823,-1
236,823,1
9,824,1
22,824,1
113,824,1
236,824,-1
8,825,-1
116,825,1
237,825,-1
8,826,1
117,826,1
237,826,-1
4,827,1
8,827,-1
11,827,1
37,827,1
238,827,-1
4,828,1
116,828,1
238,828,-1
8,829,1
37,829,1
239,829,-1
8,830,1
239,830,-1
241,830,1
4,831,1
8,831,-1
37,831,1
240,831,-1
4,832,1
240,832,-1
241,832,1
9,833,1
37,833,1
241,833,-1
8,834,-1
118,834,1
242,834,-1
8,835,1
242,835,-1
243,835,1
8,836,1
242,836,-1
243,836,1
4,837,1
22,837,1
113,837,1
243,837,-1
8,838,-1
231,838,1
244,838,-1
25,839,1
94,839,1
244,839,-1
8,840,1
245,840,-1
247,840,1
8,841,1
245,841,-1
247,841,1
8,842,1
245,842,-1
249,842,1
4,843,1
246,843,-1
247,843,1
4,844,1
8,844,-1
246,844,-1
249,844,1
9,845,1
22,845,1
113,845,1
247,845,-1
8,846,1
248,846,-1
249,846,1
231,847,1
249,847,-1
266,847,1
8,848,-1
9,848,1
249,848,-1
365,848,1
8,849,1
250,849,-1
253,849,1
8,850,1
250,850,-1
252,850,1
4,851,1
8,851,-1
251,851,-1
253,851,1
4,852,1
251,852,-1
252,852,1
9,853,1
252,853,-1
253,853,1
5,854,-1
14,854,1
253,854,-1
308,854,1
8,855,-1
253,855,-1
308,855,1
8,856,-1
253,856,-1
366,856,1
8,857,-1
253,857,-1
367,857,1
253,858,-1
308,858,1
11,859,1
253,859,-1
368,859,1
9,860,1
11,860,1
22,860,1
253,860,-1
2,861,-1
96,861,1
168,861,1
253,861,-1
2,862,-1
22,862,1
253,862,-1
369,862,1
8,863,-1
9,863,1
253,863,1
254,863,-1
255,864,-1
370,864,1
9,865,-1
256,865,-1
371,865,1
3,866,-1
4,866,1
256,866,-1
372,866,1
4,867,1
5,867,-1
256,867,-1
372,867,1
256,868,-1
372,868,1
9,869,-1
258,869,-1
373,869,1
3,870,-1
258,870,-1
374,870,1
3,871,-1
4,871,1
258,871,-1
375,871,1
4,872,1
5,872,-1
258,872,-1
375,872,1
258,873,-1
376,873,1
258,874,-1
375,874,1
258,875,-1
377,875,1
9,876,-1
259,876,-1
378,876,1
3,877,-1
259,877,-1
379,877,1
3,878,-1
4,878,1
259,878,-1
380,878,1
4,879,1
5,879,-1
259,879,-1
380,879,1
259,880,-1
380,880,1
259,881,-1
381,881,1
259,882,-1
376,882,1
8,883,-1
156,883,1
260,883,-1
8,884,1
31,884,1
260,884,-1
4,885,1
156,885,1
261,885,-1
9,886,-1
262,886,-1
382,886,1
3,887,-1
262,887,-1
383,887,1
3,888,-1
4,888,1
262,888,-1
384,888,1
4,889,1
5,889,-1
262,889,-1
384,889,1
262,890,-1
384,890,1
8,891,1
11,891,1
174,891,1
262,891,-1
4,892,1
5,892,-1
263,892,-1
326,892,1
2,893,-1
263,893,-1
385,893,1
8,894,-1
9,894,1
263,894,-1
326,894,1
11,895,-1
160,895,1
264,895,-1
3,896,-1
4,896,1
160,896,1
264,896,-1
4,897,-1
5,897,1
160,897,1
264,897,-1
16,898,-1
17,898,1
160,898,1
264,898,-1
12,899,1
160,899,1
264,899,-1
264,900,-1
386,900,1
22,901,1
94,901,1
265,901,-1
8,902,1
9,902,1
22,902,1
266,902,-1
2,903,1
9,903,-1
266,903,-1
386,903,1
9,904,-1
266,904,-1
387,904,1
3,905,-1
4,905,1
9,905,1
22,905,1
266,905,-1
4,906,-1
266,906,-1
388,906,1
4,907,1
5,907,-1
9,907,1
22,907,1
266,907,-1
9,908,1
22,908,1
266,908,-1
266,909,-1
386,909,1
11,910,-1
159,910,1
267,910,-1
3,911,-1
4,911,1
159,911,1
267,911,-1
4,912,-1
5,912,1
159,912,1
267,912,-1
16,913,-1
17,913,1
159,913,1
267,913,-1
12,914,1
159,914,1
267,914,-1
8,915,1
268,915,-1
270,915,1
8,916,1
268,916,-1
271,916,1
8,917,-1
162,917,1
268,917,-1
4,918,1
8,918,-1
269,918,-1
271,918,1
8,919,-1
9,919,1
269,919,-1
389,919,1
4,920,1
8,920,-1
159,920,1
160,920,1
269,920,-1
9,921,1
159,921,1
160,921,1
270,921,-1
4,922,1
271,922,-1
390,922,1
8,923,-1
9,923,1
271,923,-1
391,923,1
8,924,-1
9,924,1
271,924,1
272,924,-1
8,925,-1
9,925,1
11,925,1
159,925,1
273,925,-1
8,926,1
9,926,1
11,926,1
159,926,1
274,926,-1
8,927,-1
165,927,1
274,927,-1
4,928,1
165,928,1
275,928,-1
4,929,1
8,929,-1
11,929,2
159,929,1
275,929,-1
11,930,-1
168,930,1
276,930,-1
3,931,-1
4,931,1
168,931,1
276,931,-1
4,932,-1
5,932,1
168,932,1
276,932,-1
16,933,-1
17,933,1
168,933,1
276,933,-1
12,934,1
168,934,1
276,934,-1
276,935,-1
392,935,1
11,936,-1
159,936,1
277,936,-1
3,937,-1
4,937,1
159,937,1
277,937,-1
4,938,-1
5,938,1
159,938,1
277,938,-1
16,939,-1
17,939,1
159,939,1
277,939,-1
12,940,1
159,940,1
277,940,-1
9,941,1
11,941,2
278,941,-1
9,942,1
11,942,2
278,942,-1
8,943,1
11,943,1
278,943,-1
278,944,-1
393,944,1
8,945,1
279,945,-1
280,945,1
8,946,-1
169,946,1
279,946,-1
9,947,1
159,947,1
168,947,1
280,947,-1
8,948,-1
280,948,1
281,948,-1
8,949,-1
57,949,1
94,949,1
282,949,-1
8,950,1
89,950,1
282,950,-1
8,951,-1
231,951,1
283,951,-1
8,952,-1
284,952,-1
394,952,1
4,953,1
9,953,1
11,953,1
89,953,1
284,953,-1
4,954,1
8,954,1
9,954,-1
163,954,1
285,954,-1
2,955,1
9,955,-1
285,955,-1
395,955,1
9,956,-1
285,956,-1
396,956,1
3,957,-1
4,957,2
163,957,1
285,957,-1
4,958,-1
285,958,-1
397,958,1
4,959,2
5,959,-1
163,959,1
285,959,-1
4,960,1
163,960,1
285,960,-1
285,961,-1
395,961,1
8,962,-1
286,962,-1
398,962,1
9,963,2
11,963,1
244,963,1
286,963,-1
2,964,1
9,964,-1
287,964,-1
399,964,1
9,965,-1
287,965,-1
400,965,1
8,966,1
9,966,1
159,966,1
287,966,-1
3,967,-1
4,967,1
9,967,1
159,967,1
287,967,-1
4,968,-1
287,968,-1
401,968,1
4,969,1
5,969,-1
9,969,1
159,969,1
287,969,-1
287,970,-1
399,970,1
9,971,1
159,971,1
287,971,-1
9,972,-1
288,972,-1
402,972,1
8,973,1
9,973,1
89,973,1
288,973,-1
3,974,-1
4,974,1
9,974,1
89,974,1
288,974,-1
4,975,-1
288,975,-1
403,975,1
4,976,1
5,976,-1
9,976,1
89,976,1
288,976,-1
9,977,1
89,977,1
288,977,-1
8,978,1
289,978,-1
291,978,1
8,979,-1
182,979,1
289,979,-1
8,980,1
289,980,-1
290,980,1
9,981,1
290,981,-1
291,981,1
4,982,1
22,982,1
184,982,1
290,982,-1
5,983,-1
14,983,1
291,983,-1
404,983,1
8,984,-1
291,984,-1
404,984,1
4,985,1
291,985,-1
405,985,1
4,986,1
8,986,-1
163,986,1
292,986,-1
8,987,1
159,987,1
293,987,-1
8,988,-1
183,988,1
293,988,-1
8,989,1
293,989,-1
294,989,1
4,990,1
22,990,1
184,990,1
294,990,-1
9,991,1
159,991,1
294,991,-1
4,992,1
8,992,-1
295,992,-1
303,992,1
9,993,-1
296,993,-1
323,993,1
3,994,-1
4,994,1
296,994,-1
406,994,1
4,995,1
5,995,-1
296,995,-1
406,995,1
168,996,1
296,996,-1
296,997,-1
406,997,1
160,998,1
296,998,-1
11,999,-1
184,999,1
297,999,-1
3,1000,-1
4,1000,1
184,1000,1
297,1000,-1
4,1001,-1
5,1001,1
184,1001,1
297,1001,-1
16,1002,-1
17,1002,1
184,1002,1
297,1002,-1
12,1003,1
184,1003,1
297,1003,-1
188,1004,1
297,1004,-1
8,1005,1
163,1005,1
298,1005,-1
8,1006,-1
186,1006,1
298,1006,-1
8,1007,1
298,1007,-1
299,1007,1
9,1008,1
22,1008,1
184,1008,1
299,1008,-1
8,1009,-1
9,1009,1
163,1009,1
300,1009,-1
8,1010,-1
9,1010,1
300,1010,-1
303,1010,1
8,1011,1
301,1011,-1
303,1011,1
8,1012,-1
187,1012,1
301,1012,-1
8,1013,1
301,1013,-1
302,1013,1
9,1014,1
22,1014,1
184,1014,1
302,1014,-1
5,1015,-1
14,1015,1
303,1015,-1
407,1015,1
8,1016,-1
303,1016,-1
407,1016,1
9,1017,2
11,1017,1
184,1017,1
303,1017,-1
9,1018,1
94,1018,1
304,1018,-1
8,1019,-1
94,1019,1
304,1019,-1
9,1020,-1
305,1020,-1
408,1020,1
8,1021,1
9,1021,1
89,1021,1
305,1021,-1
3,1022,-1
4,1022,1
9,1022,1
89,1022,1
305,1022,-1
4,1023,-1
305,1023,-1
409,1023,1
4,1024,1
5,1024,-1
9,1024,1
89,1024,1
305,1024,-1
9,1025,1
89,1025,1
305,1025,-1
8,1026,-1
306,1026,-1
410,1026,1
4,1027,1
94,1027,1
168,1027,1
306,1027,-1
9,1028,1
11,1028,2
94,1028,1
307,1028,-1
94,1029,1
278,1029,1
307,1029,-1
5,1030,-1
11,1030,2
14,1030,1
94,1030,1
307,1030,-1
8,1031,-1
11,1031,2
94,1031,1
307,1031,-1
2,1032,1
9,1032,-1
308,1032,-1
411,1032,1
9,1033,-1
308,1033,-1
412,1033,1
8,1034,1
9,1034,1
11,1034,1
22,1034,1
308,1034,-1
3,1035,-1
4,1035,1
9,1035,1
11,1035,1
22,1035,1
308,1035,-1
4,1036,-1
308,1036,-1
413,1036,1
4,1037,1
5,1037,-1
9,1037,1
11,1037,1
22,1037,1
308,1037,-1
308,1038,-1
411,1038,1
9,1039,1
11,1039,1
22,1039,1
308,1039,-1
309,1040,-1
414,1040,1
160,1041,1
309,1041,-1
9,1042,1
266,1042,1
309,1042,-1
8,1043,1
11,1043,1
266,1043,1
309,1043,-1
9,1044,1
11,1044,1
266,1044,1
310,1044,-1
5,1045,-1
11,1045,1
14,1045,1
266,1045,1
310,1045,-1
8,1046,-1
11,1046,1
266,1046,1
310,1046,-1
9,1047,-1
311,1047,-1
415,1047,1
3,1048,-1
311,1048,-1
416,1048,1
3,1049,-1
4,1049,1
311,1049,-1
417,1049,1
4,1050,1
5,1050,-1
311,1050,-1
417,1050,1
311,1051,-1
418,1051,1
311,1052,-1
417,1052,1
311,1053,-1
419,1053,1
9,1054,-1
312,1054,-1
420,1054,1
3,1055,-1
4,1055,1
312,1055,-1
421,1055,1
4,1056,1
5,1056,-1
312,1056,-1
421,1056,1
312,1057,-1
422,1057,1
312,1058,-1
419,1058,1
312,1059,-1
421,1059,1
8,1060,-1
9,1060,1
313,1060,-1
423,1060,1
9,1061,-1
314,1061,-1
424,1061,1
3,1062,-1
314,1062,-1
425,1062,1
3,1063,-1
4,1063,1
314,1063,-1
426,1063,1
4,1064,1
5,1064,-1
314,1064,-1
426,1064,1
314,1065,-1
426,1065,1
8,1066,1
11,1066,1
198,1066,1
314,1066,-1
315,1067,-1
427,1067,1
4,1068,1
8,1068,1
168,1068,1
315,1068,-1
316,1069,-1
428,1069,1
8,1070,1
9,1070,1
89,1070,1
316,1070,-1
5,1071,-1
14,1071,1
317,1071,-1
429,1071,1
8,1072,-1
317,1072,-1
429,1072,1
4,1073,1
317,1073,-1
406,1073,1
8,1074,1
11,1074,1
318,1074,-1
320,1074,1
8,1075,2
22,1075,1
318,1075,-1
430,1075,1
8,1076,1
9,1076,1
11,1076,1
318,1076,-1
320,1076,1
8,1077,2
89,1077,1
318,1077,-1
323,1077,1
8,1078,1
89,1078,1
319,1078,-1
323,1078,1
8,1079,1
320,1079,-1
431,1079,1
8,1080,1
320,1080,-1
362,1080,1
8,1081,1
94,1081,1
320,1081,-1
323,1081,1
8,1082,1
94,1082,1
320,1082,-1
323,1082,1
8,1083,2
22,1083,1
89,1083,1
320,1083,-1
2,1084,-1
166,1084,1
321,1084,-1
432,1084,1
2,1085,-1
168,1085,1
321,1085,-1
433,1085,1
8,1086,-1
321,1086,-1
434,1086,1
8,1087,1
94,1087,1
168,1087,1
321,1087,-1
173,1088,1
322,1088,-1
8,1089,1
11,1089,1
94,1089,1
322,1089,-1
8,1090,1
168,1090,1
323,1090,-1
8,1091,-1
296,1091,1
323,1091,-1
8,1092,1
323,1092,-1
406,1092,1
8,1093,1
9,1093,1
11,1093,1
22,1093,1
323,1093,-1
8,1094,2
168,1094,1
324,1094,-1
8,1095,1
11,1095,1
195,1095,1
325,1095,-1
8,1096,1
325,1096,-1
435,1096,1
8,1097,1
9,1097,1
11,1097,1
195,1097,1
325,1097,-1
5,1098,-1
14,1098,1
326,1098,-1
436,1098,1
5,1099,-1
14,1099,1
326,1099,-1
437,1099,1
2,1100,-1
168,1100,1
322,1100,1
326,1100,-1
2,1101,-1
89,1101,1
166,1101,1
326,1101,-1
8,1102,-1
326,1102,-1
436,1102,1
8,1103,-1
326,1103,-1
438,1103,1
8,1104,-1
326,1104,-1
437,1104,1
9,1105,1
11,1105,1
326,1105,-1
436,1105,1
9,1106,1
11,1106,1
326,1106,-1
437,1106,1
326,1107,-1
439,1107,1
8,1108,-1
9,1108,1
195,1108,1
327,1108,-1
8,1109,1
9,1109,1
11,1109,1
89,1109,1
327,1109,-1
8,1110,1
9,1110,1
11,1110,1
163,1110,1
328,1110,-1
2,1111,1
9,1111,-1
328,1111,-1
440,1111,1
9,1112,-1
328,1112,-1
441,1112,1
3,1113,-1
4,1113,1
9,1113,1
11,1113,1
163,1113,1
328,1113,-1
4,1114,-1
328,1114,-1
442,1114,1
4,1115,1
5,1115,-1
9,1115,1
11,1115,1
163,1115,1
328,1115,-1
9,1116,1
11,1116,1
163,1116,1
328,1116,-1
9,1117,1
328,1117,-1
338,1117,1
328,1118,-1
440,1118,1
9,1119,-1
329,1119,-1
443,1119,1
3,1120,-1
329,1120,-1
444,1120,1
3,1121,-1
4,1121,1
329,1121,-1
445,1121,1
4,1122,1
5,1122,-1
329,1122,-1
445,1122,1
329,1123,-1
445,1123,1
8,1124,1
11,1124,1
177,1124,1
329,1124,-1
8,1125,-1
330,1125,-1
344,1125,1
8,1126,-1
329,1126,1
330,1126,-1
8,1127,-1
330,1127,-1
347,1127,1
8,1128,-1
330,1128,-1
446,1128,1
8,1129,-1
330,1129,-1
447,1129,1
4,1130,1
8,1130,1
11,1130,1
163,1130,1
331,1130,-1
4,1131,1
9,1131,1
163,1131,1
331,1131,-1
331,1132,-1
448,1132,1
292,1133,1
331,1133,-1
9,1134,-1
332,1134,-1
449,1134,1
3,1135,-1
332,1135,-1
450,1135,1
3,1136,-1
4,1136,1
332,1136,-1
451,1136,1
4,1137,1
5,1137,-1
332,1137,-1
451,1137,1
332,1138,-1
452,1138,1
332,1139,-1
451,1139,1
332,1140,-1
453,1140,1
9,1141,-1
333,1141,-1
454,1141,1
3,1142,-1
333,1142,-1
349,1142,1
3,1143,-1
4,1143,1
333,1143,-1
455,1143,1
333,1144,-1
355,1144,1
333,1145,-1
453,1145,1
333,1146,-1
455,1146,1
8,1147,-1
334,1147,-1
347,1147,1
8,1148,-1
9,1148,1
334,1148,-1
456,1148,1
8,1149,1
11,1149,1
335,1149,-1
337,1149,1
8,1150,2
22,1150,1
335,1150,-1
362,1150,1
8,1151,1
9,1151,1
11,1151,1
335,1151,-1
337,1151,1
8,1152,2
168,1152,1
335,1152,-1
339,1152,1
8,1153,1
168,1153,1
336,1153,-1
339,1153,1
8,1154,1
337,1154,-1
430,1154,1
8,1155,1
11,1155,1
337,1155,-1
339,1155,1
8,1156,1
337,1156,-1
430,1156,1
8,1157,1
9,1157,1
11,1157,1
337,1157,-1
339,1157,1
8,1158,2
22,1158,1
89,1158,1
337,1158,-1
2,1159,-1
322,1159,1
338,1159,-1
457,1159,1
2,1160,-1
89,1160,1
338,1160,-1
458,1160,1
8,1161,-1
338,1161,-1
459,1161,1
8,1162,1
9,1162,1
11,1162,1
89,1162,1
338,1162,-1
8,1163,-1
231,1163,1
339,1163,-1
8,1164,1
89,1164,1
339,1164,-1
8,1165,1
22,1165,1
94,1165,1
339,1165,-1
8,1166,1
265,1166,1
339,1166,-1
8,1167,2
89,1167,1
340,1167,-1
9,1168,-1
341,1168,-1
460,1168,1
3,1169,-1
4,1169,1
341,1169,-1
461,1169,1
4,1170,1
5,1170,-1
341,1170,-1
461,1170,1
341,1171,-1
461,1171,1
8,1172,1
9,1172,-1
94,1172,1
160,1172,1
342,1172,-1
2,1173,1
9,1173,-1
342,1173,-1
462,1173,1
9,1174,-1
342,1174,-1
463,1174,1
3,1175,-1
4,1175,1
94,1175,1
160,1175,1
342,1175,-1
4,1176,-1
342,1176,-1
464,1176,1
4,1177,1
5,1177,-1
94,1177,1
160,1177,1
342,1177,-1
9,1178,1
321,1178,1
342,1178,-1
94,1179,1
160,1179,1
342,1179,-1
342,1180,-1
462,1180,1
9,1181,-1
343,1181,-1
465,1181,1
3,1182,-1
4,1182,1
343,1182,-1
466,1182,1
3,1183,-1
343,1183,-1
467,1183,1
4,1184,1
5,1184,-1
343,1184,-1
466,1184,1
343,1185,-1
466,1185,1
9,1186,-1
344,1186,-1
468,1186,1
3,1187,-1
344,1187,-1
469,1187,1
3,1188,-1
4,1188,1
344,1188,-1
470,1188,1
4,1189,1
5,1189,-1
344,1189,-1
470,1189,1
344,1190,-1
470,1190,1
344,1191,-1
471,1191,1
8,1192,1
11,1192,1
196,1192,1
344,1192,-1
345,1193,-1
472,1193,1
4,1194,1
8,1194,1
200,1194,1
345,1194,-1
9,1195,-1
346,1195,-1
473,1195,1
3,1196,-1
346,1196,-1
450,1196,1
3,1197,-1
4,1197,1
346,1197,-1
474,1197,1
4,1198,1
5,1198,-1
346,1198,-1
474,1198,1
346,1199,-1
474,1199,1
346,1200,-1
475,1200,1
9,1201,-1
347,1201,-1
476,1201,1
3,1202,-1
4,1202,1
347,1202,-1
390,1202,1
4,1203,1
5,1203,-1
347,1203,-1
390,1203,1
347,1204,-1
390,1204,1
8,1205,1
348,1205,-1
350,1205,1
8,1206,-1
9,1206,1
348,1206,-1
477,1206,1
8,1207,-1
224,1207,1
348,1207,-1
4,1208,1
8,1208,-1
163,1208,1
317,1208,1
349,1208,-1
4,1209,1
8,1209,-1
349,1209,-1
355,1209,1
4,1210,1
8,1210,-1
22,1210,1
193,1210,1
349,1210,-1
8,1211,-1
9,1211,1
349,1211,-1
478,1211,1
8,1212,-1
9,1212,1
349,1212,-1
479,1212,1
9,1213,1
163,1213,1
317,1213,1
350,1213,-1
8,1214,-1
9,1214,1
351,1214,-1
480,1214,1
4,1215,1
8,1215,-1
307,1215,1
352,1215,-1
94,1216,1
352,1216,-1
429,1216,1
11,1217,-1
193,1217,1
353,1217,-1
3,1218,-1
4,1218,1
193,1218,1
353,1218,-1
4,1219,-1
5,1219,1
193,1219,1
353,1219,-1
16,1220,-1
17,1220,1
193,1220,1
353,1220,-1
12,1221,1
193,1221,1
353,1221,-1
8,1222,1
354,1222,-1
356,1222,1
8,1223,-1
9,1223,1
325,1223,1
354,1223,-1
4,1224,1
9,1224,1
163,1224,1
168,1224,1
355,1224,-1
8,1225,-1
355,1225,-1
481,1225,1
9,1226,1
163,1226,1
168,1226,1
356,1226,-1
8,1227,-1
356,1227,1
357,1227,-1
8,1228,-1
227,1228,1
358,1228,-1
8,1229,1
9,1229,1
37,1229,1
358,1229,-1
4,1230,1
8,1230,-1
11,1230,1
37,1230,1
359,1230,-1
4,1231,1
227,1231,1
359,1231,-1
8,1232,-1
230,1232,1
360,1232,-1
8,1233,1
231,1233,1
360,1233,-1
8,1234,1
231,1234,1
360,1234,-1
4,1235,1
8,1235,-1
11,1235,1
89,1235,1
361,1235,-1
4,1236,1
230,1236,1
361,1236,-1
8,1237,1
307,1237,1
362,1237,-1
8,1238,1
362,1238,-1
363,1238,1
8,1239,1
94,1239,1
168,1239,1
362,1239,-1
8,1240,1
9,1240,1
11,1240,1
89,1240,1
362,1240,-1
94,1241,1
168,1241,1
363,1241,-1
9,1242,1
11,1242,1
89,1242,1
363,1242,-1
8,1243,-1
231,1243,1
364,1243,-1
9,1244,1
11,1244,1
230,1244,1
365,1244,-1
5,1245,-1
11,1245,1
14,1245,1
230,1245,1
365,1245,-1
8,1246,-1
11,1246,1
230,1246,1
365,1246,-1
9,1247,-1
366,1247,-1
482,1247,1
3,1248,-1
4,1248,1
366,1248,-1
483,1248,1
4,1249,1
5,1249,-1
366,1249,-1
483,1249,1
366,1250,-1
483,1250,1
8,1251,1
11,1251,1
160,1251,1
366,1251,-1
310,1252,1
366,1252,-1
366,1253,-1
484,1253,1
2,1254,1
9,1254,-1
367,1254,-1
485,1254,1
9,1255,-1
367,1255,-1
486,1255,1
3,1256,-1
367,1256,-1
487,1256,1
3,1257,-1
4,1257,1
367,1257,-1
488,1257,1
4,1258,1
5,1258,-1
367,1258,-1
487,1258,1
367,1259,-1
485,1259,1
367,1260,-1
488,1260,1
367,1261,-1
484,1261,1
5,1262,-1
368,1262,-1
489,1262,1
2,1263,-1
22,1263,1
368,1263,-1
490,1263,1
8,1264,-1
368,1264,-1
491,1264,1
276,1265,1
369,1265,-1
22,1266,1
369,1266,-1
9,1267,2
11,1267,1
369,1267,-1
8,1268,1
9,1268,1
11,1268,2
369,1268,-1
9,1269,-1
370,1269,-1
492,1269,1
3,1270,-1
370,1270,-1
493,1270,1
3,1271,-1
4,1271,1
370,1271,-1
494,1271,1
4,1272,1
5,1272,-1
370,1272,-1
494,1272,1
370,1273,-1
495,1273,1
370,1274,-1
494,1274,1
370,1275,-1
496,1275,1
8,1276,1
22,1276,1
370,1276,-1
497,1276,1
8,1277,-1
256,1277,1
371,1277,-1
8,1278,1
371,1278,-1
372,1278,1
9,1279,1
11,1279,1
22,1279,1
372,1279,-1
8,1280,1
373,1280,-1
376,1280,1
8,1281,1
373,1281,-1
375,1281,1
4,1282,1
8,1282,-1
374,1282,-1
376,1282,1
4,1283,1
374,1283,-1
375,1283,1
9,1284,1
375,1284,-1
376,1284,1
8,1285,-1
376,1285,-1
498,1285,1
8,1286,-1
9,1286,1
376,1286,1
377,1286,-1
8,1287,-1
259,1287,1
378,1287,-1
8,1288,1
376,1288,1
378,1288,-1
8,1289,1
378,1289,-1
380,1289,1
4,1290,1
8,1290,-1
376,1290,1
379,1290,-1
4,1291,1
379,1291,-1
380,1291,1
22,1292,1
63,1292,1
380,1292,-1
9,1293,1
376,1293,1
380,1293,-1
8,1294,-1
9,1294,1
376,1294,1
381,1294,-1
8,1295,1
11,1295,1
174,1295,1
382,1295,-1
8,1296,2
163,1296,1
168,1296,1
382,1296,-1
8,1297,1
9,1297,1
11,1297,1
174,1297,1
382,1297,-1
4,1298,1
8,1298,-1
11,1298,1
174,1298,1
383,1298,-1
4,1299,1
383,1299,-1
384,1299,1
8,1300,1
163,1300,1
168,1300,1
384,1300,-1
8,1301,1
385,1301,-1
499,1301,1
385,1302,-1
500,1302,1
8,1303,-1
9,1303,1
22,1303,1
386,1303,-1
8,1304,-1
266,1304,1
387,1304,-1
8,1305,1
9,1305,1
22,1305,1
387,1305,-1
4,1306,1
8,1306,-1
11,1306,1
22,1306,1
388,1306,-1
4,1307,1
266,1307,1
388,1307,-1
4,1308,1
8,1308,-1
389,1308,-1
391,1308,1
8,1309,-1
389,1309,-1
501,1309,1
4,1310,1
9,1310,1
159,1310,1
168,1310,1
389,1310,-1
163,1311,1
266,1311,1
390,1311,-1
9,1312,1
11,1312,1
287,1312,1
391,1312,-1
8,1313,-1
11,1313,1
287,1313,1
391,1313,-1
9,1314,2
11,1314,1
392,1314,-1
8,1315,-1
9,1315,1
11,1315,1
392,1315,-1
2,1316,1
9,1316,-1
392,1316,1
393,1316,-1
9,1317,-1
393,1317,-1
457,1317,1
8,1318,1
9,1318,1
11,1318,1
393,1318,-1
3,1319,-1
4,1319,1
9,1319,1
11,1319,1
393,1319,-1
4,1320,-1
5,1320,1
9,1320,1
11,1320,1
393,1320,-1
4,1321,1
5,1321,-1
9,1321,1
11,1321,1
393,1321,-1
9,1322,1
11,1322,1
393,1322,-1
392,1323,1
393,1323,-1
2,1324,1
9,1324,-1
394,1324,-1
502,1324,1
9,1325,-1
394,1325,-1
503,1325,1
4,1326,1
8,1326,1
9,1326,-1
89,1326,1
394,1326,-1
3,1327,-1
4,1327,2
89,1327,1
394,1327,-1
4,1328,-1
394,1328,-1
504,1328,1
4,1329,2
5,1329,-1
89,1329,1
394,1329,-1
394,1330,-1
502,1330,1
4,1331,1
89,1331,1
394,1331,-1
4,1332,1
8,1332,-1
163,1332,1
395,1332,-1
8,1333,-1
9,1333,1
395,1333,-1
502,1333,1
8,1334,-1
9,1334,1
396,1334,-1
503,1334,1
8,1335,-1
285,1335,1
396,1335,-1
4,1336,1
8,1336,1
163,1336,1
396,1336,-1
8,1337,-1
9,1337,1
397,1337,-1
504,1337,1
4,1338,1
285,1338,1
397,1338,-1
8,1339,1
9,1339,1
244,1339,1
398,1339,-1
2,1340,1
9,1340,-1
398,1340,-1
505,1340,1
9,1341,-1
398,1341,-1
506,1341,1
3,1342,-1
4,1342,1
9,1342,1
244,1342,1
398,1342,-1
4,1343,-1
398,1343,-1
507,1343,1
4,1344,1
5,1344,-1
9,1344,1
244,1344,1
398,1344,-1
9,1345,1
244,1345,1
398,1345,-1
398,1346,-1
505,1346,1
4,1347,1
8,1347,-1
399,1347,-1
508,1347,1
8,1348,-1
9,1348,1
159,1348,1
399,1348,-1
4,1349,1
8,1349,-1
400,1349,-1
509,1349,1
8,1350,-1
287,1350,1
400,1350,-1
8,1351,1
9,1351,1
159,1351,1
400,1351,-1
4,1352,1
8,1352,-1
401,1352,-1
510,1352,1
4,1353,1
287,1353,1
401,1353,-1
8,1354,-1
288,1354,1
402,1354,-1
8,1355,1
9,1355,1
89,1355,1
402,1355,-1
8,1356,1
9,1356,1
89,1356,1
402,1356,-1
4,1357,1
8,1357,-1
11,1357,1
89,1357,1
403,1357,-1
4,1358,1
288,1358,1
403,1358,-1
4,1359,1
8,1359,1
9,1359,-1
184,1359,1
404,1359,-1
2,1360,1
9,1360,-1
404,1360,-1
511,1360,1
9,1361,-1
404,1361,-1
512,1361,1
3,1362,-1
4,1362,2
184,1362,1
404,1362,-1
4,1363,-1
404,1363,-1
513,1363,1
4,1364,2
5,1364,-1
184,1364,1
404,1364,-1
4,1365,1
184,1365,1
404,1365,-1
404,1366,-1
511,1366,1
9,1367,1
11,1367,1
184,1367,1
405,1367,-1
9,1368,1
11,1368,1
22,1368,1
406,1368,-1
8,1369,1
9,1369,1
184,1369,1
407,1369,-1
9,1370,-1
407,1370,-1
514,1370,1
3,1371,-1
4,1371,1
9,1371,1
184,1371,1
407,1371,-1
4,1372,-1
407,1372,-1
515,1372,1
4,1373,1
5,1373,-1
9,1373,1
184,1373,1
407,1373,-1
9,1374,1
184,1374,1
407,1374,-1
9,1375,1
94,1375,1
408,1375,-1
457,1375,1
8,1376,1
9,1376,1
89,1376,1
408,1376,-1
8,1377,-1
305,1377,1
408,1377,-1
4,1378,1
305,1378,1
409,1378,-1
4,1379,1
8,1379,-1
11,1379,1
89,1379,1
409,1379,-1
9,1380,-1
410,1380,-1
516,1380,1
4,1381,1
8,1381,1
9,1381,-1
89,1381,1
410,1381,-1
3,1382,-1
4,1382,2
89,1382,1
410,1382,-1
4,1383,-1
410,1383,-1
517,1383,1
4,1384,2
5,1384,-1
89,1384,1
410,1384,-1
4,1385,1
89,1385,1
410,1385,-1
8,1386,-1
9,1386,1
11,1386,1
22,1386,1
411,1386,-1
8,1387,1
9,1387,1
11,1387,1
22,1387,1
412,1387,-1
8,1388,-1
308,1388,1
412,1388,-1
8,1389,1
11,1389,1
160,1389,1
412,1389,-1
4,1390,1
308,1390,1
413,1390,-1
5,1391,1
8,1391,-1
11,1391,1
160,1391,1
413,1391,-1
11,1392,-1
310,1392,1
414,1392,-1
3,1393,-1
4,1393,1
310,1393,1
414,1393,-1
4,1394,-1
5,1394,1
310,1394,1
414,1394,-1
16,1395,-1
17,1395,1
310,1395,1
414,1395,-1
12,1396,1
310,1396,1
414,1396,-1
414,1397,-1
518,1397,1
8,1398,1
415,1398,-1
418,1398,1
8,1399,1
415,1399,-1
417,1399,1
8,1400,1
415,1400,-1
417,1400,1
4,1401,1
8,1401,-1
416,1401,-1
418,1401,1
9,1402,1
22,1402,1
310,1402,1
417,1402,-1
9,1403,2
11,1403,1
160,1403,1
418,1403,-1
5,1404,-1
14,1404,1
418,1404,-1
519,1404,1
8,1405,-1
418,1405,-1
519,1405,1
8,1406,-1
9,1406,1
418,1406,1
419,1406,-1
9,1407,1
160,1407,1
266,1407,1
419,1407,-1
8,1408,1
420,1408,-1
422,1408,1
8,1409,1
160,1409,1
266,1409,1
420,1409,-1
8,1410,1
420,1410,-1
421,1410,1
160,1411,1
266,1411,1
421,1411,-1
8,1412,-1
9,1412,1
422,1412,-1
520,1412,1
266,1413,2
422,1413,-1
9,1414,1
11,1414,1
98,1414,1
423,1414,-1
5,1415,-1
14,1415,1
423,1415,-1
521,1415,1
8,1416,-1
423,1416,-1
521,1416,1
8,1417,1
11,1417,1
198,1417,1
424,1417,-1
8,1418,1
424,1418,-1
522,1418,1
8,1419,1
9,1419,1
11,1419,1
198,1419,1
424,1419,-1
8,1420,2
89,1420,1
160,1420,1
424,1420,-1
4,1421,1
8,1421,-1
11,1421,1
198,1421,1
425,1421,-1
4,1422,1
425,1422,-1
426,1422,1
8,1423,1
89,1423,1
160,1423,1
426,1423,-1
11,1424,-1
317,1424,1
427,1424,-1
3,1425,-1
4,1425,1
317,1425,1
427,1425,-1
4,1426,-1
5,1426,1
317,1426,1
427,1426,-1
16,1427,-1
17,1427,1
317,1427,1
427,1427,-1
12,1428,1
317,1428,1
427,1428,-1
427,1429,-1
523,1429,1
11,1430,-1
163,1430,1
428,1430,-1
3,1431,-1
4,1431,1
163,1431,1
428,1431,-1
4,1432,-1
5,1432,1
163,1432,1
428,1432,-1
16,1433,-1
17,1433,1
163,1433,1
428,1433,-1
12,1434,1
163,1434,1
428,1434,-1
4,1435,1
8,1435,1
9,1435,-1
22,1435,1
429,1435,-1
2,1436,1
9,1436,-1
429,1436,-1
523,1436,1
9,1437,-1
429,1437,-1
524,1437,1
3,1438,-1
4,1438,2
22,1438,1
429,1438,-1
4,1439,-1
429,1439,-1
525,1439,1
4,1440,2
5,1440,-1
22,1440,1
429,1440,-1
4,1441,1
22,1441,1
429,1441,-1
429,1442,-1
523,1442,1
8,1443,-1
430,1443,-1
526,1443,1
8,1444,1
430,1444,-1
527,1444,1
8,1445,1
9,1445,1
11,1445,1
89,1445,1
430,1445,-1
8,1446,1
431,1446,-1
528,1446,1
8,1447,1
431,1447,-1
528,1447,1
8,1448,-1
431,1448,-1
529,1448,1
8,1449,1
307,1449,1
431,1449,-1
8,1450,-1
432,1450,-1
530,1450,1
8,1451,1
94,1451,1
432,1451,-1
8,1452,1
94,1452,1
432,1452,-1
8,1453,1
433,1453,-1
530,1453,1
9,1454,-1
434,1454,-1
531,1454,1
3,1455,-1
4,1455,1
434,1455,-1
532,1455,1
4,1456,1
5,1456,-1
434,1456,-1
532,1456,1
434,1457,-1
532,1457,1
9,1458,1
89,1458,1
168,1458,1
435,1458,-1
8,1459,1
9,1459,-1
436,1459,-1
533,1459,1
9,1460,-1
321,1460,1
436,1460,-1
3,1461,-1
4,1461,1
436,1461,-1
533,1461,1
4,1462,-1
436,1462,-1
534,1462,1
4,1463,1
5,1463,-1
436,1463,-1
533,1463,1
436,1464,-1
533,1464,1
9,1465,-1
338,1465,1
437,1465,-1
8,1466,1
9,1466,-1
437,1466,-1
535,1466,1
2,1467,1
9,1467,-1
437,1467,-1
536,1467,1
3,1468,-1
4,1468,1
437,1468,-1
535,1468,1
4,1469,-1
437,1469,-1
537,1469,1
4,1470,1
5,1470,-1
437,1470,-1
535,1470,1
437,1471,-1
535,1471,1
437,1472,-1
536,1472,1
9,1473,-1
325,1473,1
438,1473,-1
3,1474,-1
4,1474,1
435,1474,1
438,1474,-1
4,1475,1
5,1475,-1
435,1475,1
438,1475,-1
438,1476,-1
538,1476,1
435,1477,1
438,1477,-1
5,1478,-1
439,1478,-1
539,1478,1
2,1479,-1
8,1479,1
11,1479,1
439,1479,-1
540,1479,1
8,1480,-1
439,1480,-1
541,1480,1
8,1481,-1
9,1481,1
11,1481,1
163,1481,1
440,1481,-1
8,1482,1
9,1482,1
11,1482,1
163,1482,1
441,1482,-1
8,1483,1
11,1483,1
177,1483,1
441,1483,-1
4,1484,1
328,1484,1
442,1484,-1
5,1485,1
8,1485,-1
11,1485,1
177,1485,1
442,1485,-1
8,1486,1
11,1486,1
177,1486,1
443,1486,-1
8,1487,1
443,1487,-1
445,1487,1
8,1488,-1
9,1488,1
444,1488,-1
542,1488,1
4,1489,1
9,1489,1
163,1489,1
168,1489,1
444,1489,-1
9,1490,1
163,1490,1
168,1490,1
445,1490,-1
8,1491,-1
438,1491,1
446,1491,-1
8,1492,-1
438,1492,1
447,1492,-1
11,1493,-1
175,1493,1
448,1493,-1
3,1494,-1
4,1494,1
175,1494,1
448,1494,-1
4,1495,-1
5,1495,1
175,1495,1
448,1495,-1
16,1496,-1
17,1496,1
175,1496,1
448,1496,-1
395,1497,1
448,1497,-1
12,1498,1
175,1498,1
448,1498,-1
8,1499,1
449,1499,-1
452,1499,1
8,1500,-1
9,1500,1
449,1500,-1
543,1500,1
8,1501,-1
332,1501,1
449,1501,-1
8,1502,1
449,1502,-1
451,1502,1
8,1503,-1
9,1503,1
450,1503,-1
544,1503,1
8,1504,-1
9,1504,1
450,1504,-1
545,1504,1
4,1505,1
160,1505,1
163,1505,1
451,1505,-1
8,1506,-1
9,1506,1
452,1506,-1
546,1506,1
4,1507,1
163,1507,1
266,1507,1
452,1507,-1
8,1508,-1
9,1508,1
355,1508,1
453,1508,-1
8,1509,-1
9,1509,1
452,1509,1
453,1509,-1
8,1510,1
355,1510,1
454,1510,-1
8,1511,-1
333,1511,1
454,1511,-1
8,1512,1
454,1512,-1
455,1512,1
9,1513,1
455,1513,-1
469,1513,1
9,1514,1
11,1514,1
91,1514,1
456,1514,-1
5,1515,-1
14,1515,1
456,1515,-1
547,1515,1
8,1516,-1
456,1516,-1
547,1516,1
8,1517,1
9,1517,1
11,1517,1
457,1517,-1
8,1518,1
9,1518,1
11,1518,1
457,1518,-1
8,1519,-1
393,1519,1
457,1519,-1
8,1520,1
393,1520,1
458,1520,-1
9,1521,-1
459,1521,-1
548,1521,1
3,1522,-1
4,1522,1
459,1522,-1
549,1522,1
4,1523,1
5,1523,-1
459,1523,-1
549,1523,1
459,1524,-1
549,1524,1
8,1525,-1
460,1525,-1
550,1525,1
9,1526,2
11,1526,1
337,1526,1
460,1526,-1
8,1527,1
460,1527,-1
461,1527,1
9,1528,1
168,1528,1
339,1528,1
461,1528,-1
8,1529,-1
94,1529,1
160,1529,1
462,1529,-1
8,1530,1
94,1530,1
160,1530,1
463,1530,-1
8,1531,1
11,1531,1
196,1531,1
463,1531,-1
4,1532,1
342,1532,1
464,1532,-1
5,1533,1
8,1533,-1
11,1533,1
196,1533,1
464,1533,-1
8,1534,-1
9,1534,1
11,1534,1
198,1534,1
465,1534,-1
8,1535,1
465,1535,-1
466,1535,1
9,1536,1
89,1536,1
160,1536,1
466,1536,-1
8,1537,-1
467,1537,-1
551,1537,1
4,1538,1
9,1538,1
89,1538,1
160,1538,1
467,1538,-1
8,1539,1
468,1539,-1
470,1539,1
8,1540,1
11,1540,1
196,1540,1
468,1540,-1
8,1541,-1
9,1541,1
469,1541,-1
552,1541,1
8,1542,-1
469,1542,-1
553,1542,1
4,1543,1
9,1543,1
89,1543,1
160,1543,1
469,1543,-1
9,1544,1
89,1544,1
160,1544,1
470,1544,-1
8,1545,-1
470,1545,1
471,1545,-1
11,1546,-1
197,1546,1
472,1546,-1
3,1547,-1
4,1547,1
197,1547,1
472,1547,-1
4,1548,-1
5,1548,1
197,1548,1
472,1548,-1
16,1549,-1
17,1549,1
197,1549,1
472,1549,-1
12,1550,1
197,1550,1
472,1550,-1
8,1551,-1
9,1551,1
473,1551,-1
554,1551,1
8,1552,-1
346,1552,1
473,1552,-1
8,1553,1
473,1553,-1
474,1553,1
4,1554,1
160,1554,1
163,1554,1
474,1554,-1
9,1555,1
22,1555,1
197,1555,1
474,1555,-1
8,1556,-1
9,1556,1
467,1556,1
475,1556,-1
8,1557,1
390,1557,1
476,1557,-1
8,1558,1
163,1558,1
266,1558,1
476,1558,-1
8,1559,-1
347,1559,1
476,1559,-1
8,1560,-1
9,1560,1
476,1560,-1
522,1560,1
8,1561,1
9,1561,1
11,1561,1
193,1561,1
477,1561,-1
8,1562,1
9,1562,1
11,1562,1
193,1562,1
477,1562,-1
8,1563,-1
477,1563,-1
555,1563,1
4,1564,1
9,1564,1
11,1564,1
193,1564,1
478,1564,-1
8,1565,-1
478,1565,-1
556,1565,1
4,1566,1
163,1566,1
429,1566,1
479,1566,-1
8,1567,-1
9,1567,1
479,1567,-1
557,1567,1
4,1568,1
8,1568,-1
479,1568,-1
546,1568,1
9,1569,2
11,1569,1
193,1569,1
480,1569,-1
8,1570,-1
480,1570,-1
558,1570,1
2,1571,1
9,1571,-1
481,1571,-1
559,1571,1
9,1572,-1
481,1572,-1
560,1572,1
8,1573,1
9,1573,1
175,1573,1
481,1573,-1
3,1574,-1
4,1574,1
9,1574,1
175,1574,1
481,1574,-1
4,1575,-1
481,1575,-1
561,1575,1
481,1576,-1
559,1576,1
9,1577,1
175,1577,1
481,1577,-1
8,1578,1
310,1578,1
482,1578,-1
8,1579,1
482,1579,-1
483,1579,1
9,1580,1
11,1580,1
160,1580,1
483,1580,-1
8,1581,-1
484,1581,-1
562,1581,1
8,1582,-1
485,1582,-1
563,1582,1
9,1583,2
11,1583,1
168,1583,1
485,1583,-1
8,1584,-1
367,1584,1
486,1584,-1
8,1585,1
486,1585,-1
488,1585,1
9,1586,2
11,1586,1
317,1586,1
487,1586,-1
8,1587,-1
9,1587,1
487,1587,-1
564,1587,1
9,1588,1
22,1588,1
168,1588,1
488,1588,-1
9,1589,-1
489,1589,-1
565,1589,1
3,1590,-1
4,1590,1
489,1590,-1
566,1590,1
4,1591,1
5,1591,-1
489,1591,-1
566,1591,1
489,1592,-1
566,1592,1
489,1593,-1
567,1593,1
317,1594,1
489,1594,-1
85,1595,1
490,1595,-1
11,1596,1
490,1596,-1
8,1597,1
9,1597,1
11,1597,1
490,1597,-1
9,1598,-1
491,1598,-1
568,1598,1
3,1599,-1
491,1599,-1
567,1599,1
3,1600,-1
4,1600,1
491,1600,-1
569,1600,1
4,1601,1
5,1601,-1
491,1601,-1
569,1601,1
491,1602,-1
570,1602,1
491,1603,-1
569,1603,1
160,1604,1
491,1604,-1
8,1605,1
492,1605,-1
495,1605,1
8,1606,-1
370,1606,1
492,1606,-1
8,1607,1
492,1607,-1
571,1607,1
8,1608,1
492,1608,-1
494,1608,1
8,1609,-1
493,1609,-1
572,1609,1
4,1610,1
493,1610,-1
494,1610,1
9,1611,1
22,1611,1
494,1611,-1
497,1611,1
8,1612,-1
495,1612,-1
573,1612,1
22,1613,1
266,1613,2
495,1613,-1
8,1614,-1
9,1614,1
495,1614,1
496,1614,-1
5,1615,-1
14,1615,1
497,1615,-1
574,1615,1
2,1616,-1
310,1616,1
490,1616,1
497,1616,-1
2,1617,-1
22,1617,1
497,1617,-1
575,1617,1
8,1618,-1
497,1618,-1
574,1618,1
8,1619,-1
497,1619,-1
576,1619,1
9,1620,-1
498,1620,-1
577,1620,1
3,1621,-1
498,1621,-1
578,1621,1
3,1622,-1
4,1622,1
498,1622,-1
579,1622,1
4,1623,1
5,1623,-1
498,1623,-1
579,1623,1
498,1624,-1
580,1624,1
498,1625,-1
579,1625,1
498,1626,-1
581,1626,1
9,1627,-1
499,1627,-1
582,1627,1
3,1628,-1
4,1628,1
499,1628,-1
583,1628,1
4,1629,1
5,1629,-1
499,1629,-1
583,1629,1
499,1630,-1
583,1630,1
11,1631,-1
500,1631,-1
584,1631,1
3,1632,-1
4,1632,1
500,1632,-1
584,1632,1
4,1633,-1
5,1633,1
500,1633,-1
584,1633,1
16,1634,-1
17,1634,1
500,1634,-1
584,1634,1
12,1635,1
500,1635,-1
584,1635,1
2,1636,1
9,1636,-1
501,1636,-1
585,1636,1
9,1637,-1
501,1637,-1
586,1637,1
4,1638,1
8,1638,1
9,1638,-1
179,1638,1
501,1638,-1
3,1639,-1
4,1639,2
179,1639,1
501,1639,-1
4,1640,-1
501,1640,-1
587,1640,1
4,1641,2
5,1641,-1
179,1641,1
501,1641,-1
501,1642,-1
585,1642,1
4,1643,1
179,1643,1
501,1643,-1
4,1644,1
8,1644,-1
89,1644,1
502,1644,-1
4,1645,1
9,1645,1
11,1645,1
304,1645,1
502,1645,-1
8,1646,-1
394,1646,1
503,1646,-1
4,1647,1
9,1647,1
11,1647,1
432,1647,1
503,1647,-1
4,1648,1
8,1648,-1
11,1648,1
504,1648,-1
588,1648,1
4,1649,1
394,1649,1
504,1649,-1
4,1650,1
394,1650,1
504,1650,-1
8,1651,-1
9,1651,1
244,1651,1
505,1651,-1
8,1652,1
9,1652,1
244,1652,1
506,1652,-1
8,1653,-1
398,1653,1
506,1653,-1
4,1654,1
398,1654,1
507,1654,-1
4,1655,1
8,1655,-1
11,1655,1
244,1655,1
507,1655,-1
8,1656,-1
9,1656,1
168,1656,1
508,1656,-1
9,1657,1
11,1657,1
392,1657,1
508,1657,-1
8,1658,-1
509,1658,-1
589,1658,1
8,1659,1
9,1659,1
168,1659,1
509,1659,-1
9,1660,1
11,1660,1
457,1660,1
509,1660,-1
5,1661,1
8,1661,-1
168,1661,1
510,1661,-1
4,1662,1
510,1662,-1
589,1662,1
4,1663,1
510,1663,-1
589,1663,1
4,1664,1
8,1664,-1
184,1664,1
511,1664,-1
8,1665,-1
404,1665,1
512,1665,-1
4,1666,1
8,1666,1
184,1666,1
512,1666,-1
4,1667,2
8,1667,-1
11,1667,1
184,1667,1
513,1667,-1
4,1668,1
404,1668,1
513,1668,-1
8,1669,-1
407,1669,1
514,1669,-1
8,1670,1
9,1670,1
184,1670,1
514,1670,-1
4,1671,1
8,1671,-1
11,1671,1
184,1671,1
515,1671,-1
4,1672,1
407,1672,1
515,1672,-1
8,1673,-1
410,1673,1
516,1673,-1
4,1674,1
8,1674,1
89,1674,1
516,1674,-1
8,1675,-1
410,1675,1
517,1675,-1
4,1676,1
410,1676,1
517,1676,-1
4,1677,1
410,1677,1
517,1677,-1
8,1678,-1
266,1678,1
518,1678,-1
9,1679,1
266,1679,1
518,1679,-1
9,1680,-1
519,1680,-1
590,1680,1
8,1681,1
9,1681,1
310,1681,1
519,1681,-1
3,1682,-1
4,1682,1
9,1682,1
310,1682,1
519,1682,-1
4,1683,-1
519,1683,-1
591,1683,1
4,1684,1
5,1684,-1
9,1684,1
310,1684,1
519,1684,-1
9,1685,1
310,1685,1
519,1685,-1
8,1686,-1
11,1686,2
266,1686,1
520,1686,-1
9,1687,1
11,1687,2
266,1687,1
520,1687,-1
9,1688,1
11,1688,2
266,1688,1
520,1688,-1
8,1689,1
9,1689,-1
98,1689,1
521,1689,-1
9,1690,-1
521,1690,-1
592,1690,1
3,1691,-1
4,1691,1
98,1691,1
521,1691,-1
4,1692,-1
521,1692,-1
593,1692,1
4,1693,1
5,1693,-1
98,1693,1
521,1693,-1
98,1694,1
521,1694,-1
8,1695,1
9,1695,1
11,1695,1
200,1695,1
522,1695,-1
8,1696,1
89,1696,1
266,1696,1
522,1696,-1
8,1697,1
11,1697,1
200,1697,1
522,1697,-1
4,1698,1
8,1698,-1
22,1698,1
523,1698,-1
8,1699,-1
429,1699,1
524,1699,-1
4,1700,1
8,1700,1
22,1700,1
524,1700,-1
4,1701,2
8,1701,-1
11,1701,1
22,1701,1
525,1701,-1
4,1702,1
429,1702,1
525,1702,-1
9,1703,-1
430,1703,1
526,1703,-1
3,1704,-1
4,1704,1
526,1704,-1
527,1704,1
4,1705,1
5,1705,-1
526,1705,-1
527,1705,1
526,1706,-1
527,1706,1
181,1707,1
526,1707,-1
9,1708,1
11,1708,1
89,1708,1
527,1708,-1
11,1709,1
22,1709,1
94,1709,1
528,1709,-1
9,1710,-1
431,1710,1
529,1710,-1
3,1711,-1
4,1711,1
528,1711,1
529,1711,-1
4,1712,1
5,1712,-1
528,1712,1
529,1712,-1
528,1713,1
529,1713,-1
200,1714,1
529,1714,-1
307,1715,1
529,1715,-1
8,1716,1
9,1716,-1
94,1716,1
530,1716,-1
9,1717,-1
432,1717,1
530,1717,-1
3,1718,-1
4,1718,1
94,1718,1
530,1718,-1
4,1719,-1
530,1719,-1
588,1719,1
4,1720,1
5,1720,-1
94,1720,1
530,1720,-1
94,1721,1
530,1721,-1
8,1722,-1
434,1722,1
531,1722,-1
8,1723,1
531,1723,-1
532,1723,1
8,1724,1
531,1724,-1
532,1724,1
8,1725,2
195,1725,1
531,1725,-1
9,1726,1
168,1726,1
432,1726,1
532,1726,-1
9,1727,1
11,1727,1
89,1727,1
533,1727,-1
9,1728,1
533,1728,-1
594,1728,1
4,1729,1
8,1729,-1
11,1729,2
89,1729,1
534,1729,-1
4,1730,1
436,1730,1
534,1730,-1
11,1731,1
25,1731,1
168,1731,1
535,1731,-1
9,1732,1
535,1732,-1
594,1732,1
8,1733,-1
535,1733,1
536,1733,-1
9,1734,2
11,1734,2
304,1734,1
536,1734,-1
9,1735,2
11,1735,2
304,1735,1
536,1735,-1
4,1736,1
8,1736,-1
11,1736,1
22,1736,1
168,1736,1
537,1736,-1
4,1737,1
437,1737,1
537,1737,-1
8,1738,-1
435,1738,1
538,1738,-1
9,1739,2
11,1739,1
195,1739,1
538,1739,-1
9,1740,-1
539,1740,-1
595,1740,1
3,1741,-1
4,1741,1
539,1741,-1
596,1741,1
4,1742,1
5,1742,-1
539,1742,-1
596,1742,1
539,1743,-1
596,1743,1
9,1744,-1
540,1744,-1
597,1744,1
3,1745,-1
4,1745,1
540,1745,-1
598,1745,1
4,1746,1
5,1746,-1
540,1746,-1
598,1746,1
540,1747,-1
598,1747,1
9,1748,-1
541,1748,-1
599,1748,1
3,1749,-1
4,1749,1
541,1749,-1
600,1749,1
4,1750,1
5,1750,-1
541,1750,-1
600,1750,1
541,1751,-1
600,1751,1
541,1752,-1
601,1752,1
8,1753,-1
542,1753,-1
602,1753,1
4,1754,1
9,1754,1
89,1754,1
168,1754,1
542,1754,-1
4,1755,1
8,1755,1
163,1755,1
168,1755,1
543,1755,-1
8,1756,-1
543,1756,-1
603,1756,1
4,1757,2
163,1757,1
168,1757,1
544,1757,-1
8,1758,-1
544,1758,-1
604,1758,1
4,1759,1
9,1759,1
11,1759,1
197,1759,1
545,1759,-1
8,1760,-1
545,1760,-1
605,1760,1
8,1761,-1
11,1761,1
285,1761,1
546,1761,-1
9,1762,1
11,1762,1
285,1762,1
546,1762,-1
9,1763,-1
547,1763,-1
606,1763,1
8,1764,1
9,1764,-1
91,1764,1
547,1764,-1
3,1765,-1
4,1765,1
91,1765,1
547,1765,-1
4,1766,-1
547,1766,-1
607,1766,1
4,1767,1
5,1767,-1
91,1767,1
547,1767,-1
91,1768,1
547,1768,-1
8,1769,-1
459,1769,1
548,1769,-1
8,1770,1
9,1770,1
430,1770,1
548,1770,-1
8,1771,1
548,1771,-1
549,1771,1
8,1772,1
9,1772,1
11,1772,1
408,1772,1
548,1772,-1
9,1773,1
89,1773,1
457,1773,1
549,1773,-1
8,1774,1
9,1774,1
337,1774,1
550,1774,-1
9,1775,-1
550,1775,-1
608,1775,1
3,1776,-1
4,1776,1
9,1776,1
337,1776,1
550,1776,-1
4,1777,-1
550,1777,-1
609,1777,1
4,1778,1
5,1778,-1
9,1778,1
337,1778,1
550,1778,-1
9,1779,1
337,1779,1
550,1779,-1
9,1780,-1
551,1780,-1
610,1780,1
8,1781,1
9,1781,1
197,1781,1
551,1781,-1
3,1782,-1
4,1782,1
9,1782,1
197,1782,1
551,1782,-1
4,1783,-1
551,1783,-1
611,1783,1
4,1784,1
5,1784,-1
9,1784,1
197,1784,1
551,1784,-1
9,1785,1
197,1785,1
551,1785,-1
8,1786,-1
552,1786,-1
612,1786,1
8,1787,-1
552,1787,-1
613,1787,1
4,1788,1
9,1788,1
89,1788,1
168,1788,1
552,1788,-1
2,1789,1
9,1789,-1
553,1789,-1
614,1789,1
9,1790,-1
553,1790,-1
615,1790,1
4,1791,1
8,1791,1
9,1791,-1
196,1791,1
553,1791,-1
3,1792,-1
4,1792,2
196,1792,1
553,1792,-1
4,1793,-1
553,1793,-1
616,1793,1
4,1794,2
5,1794,-1
196,1794,1
553,1794,-1
4,1795,1
5,1795,-1
9,1795,1
175,1795,1
553,1795,-1
553,1796,-1
614,1796,1
4,1797,1
196,1797,1
553,1797,-1
8,1798,-1
554,1798,-1
617,1798,1
4,1799,1
8,1799,1
89,1799,1
160,1799,1
554,1799,-1
8,1800,2
9,1800,-1
193,1800,1
555,1800,-1
2,1801,1
9,1801,-1
555,1801,-1
618,1801,1
9,1802,-1
555,1802,-1
619,1802,1
3,1803,-1
4,1803,1
8,1803,1
193,1803,1
555,1803,-1
4,1804,-1
555,1804,-1
620,1804,1
4,1805,1
5,1805,-1
8,1805,1
193,1805,1
555,1805,-1
8,1806,1
193,1806,1
555,1806,-1
555,1807,-1
618,1807,1
4,1808,1
8,1808,1
9,1808,-1
193,1808,1
556,1808,-1
2,1809,1
9,1809,-1
556,1809,-1
621,1809,1
9,1810,-1
556,1810,-1
622,1810,1
3,1811,-1
4,1811,2
193,1811,1
556,1811,-1
4,1812,-1
556,1812,-1
623,1812,1
4,1813,2
5,1813,-1
193,1813,1
556,1813,-1
4,1814,1
193,1814,1
556,1814,-1
556,1815,-1
621,1815,1
8,1816,-1
557,1816,-1
624,1816,1
8,1817,1
9,1817,1
193,1817,1
558,1817,-1
2,1818,1
9,1818,-1
558,1818,-1
625,1818,1
9,1819,-1
558,1819,-1
626,1819,1
3,1820,-1
4,1820,1
9,1820,1
193,1820,1
558,1820,-1
4,1821,-1
558,1821,-1
627,1821,1
4,1822,1
5,1822,-1
9,1822,1
193,1822,1
558,1822,-1
9,1823,1
193,1823,1
558,1823,-1
558,1824,-1
625,1824,1
8,1825,-1
9,1825,1
559,1825,-1
628,1825,1
8,1826,1
9,1826,1
175,1826,1
560,1826,-1
8,1827,-1
481,1827,1
560,1827,-1
8,1828,-1
9,1828,1
560,1828,-1
629,1828,1
4,1829,1
481,1829,1
561,1829,-1
8,1830,-1
9,1830,1
561,1830,-1
630,1830,1
8,1831,1
9,1831,-1
562,1831,-1
631,1831,1
2,1832,1
9,1832,-1
562,1832,-1
632,1832,1
9,1833,-1
562,1833,-1
633,1833,1
3,1834,-1
4,1834,1
562,1834,-1
631,1834,1
4,1835,-1
562,1835,-1
634,1835,1
4,1836,1
5,1836,-1
562,1836,-1
631,1836,1
562,1837,-1
631,1837,1
562,1838,-1
632,1838,1
8,1839,1
9,1839,1
168,1839,1
563,1839,-1
9,1840,-1
563,1840,-1
635,1840,1
3,1841,-1
4,1841,1
9,1841,1
168,1841,1
563,1841,-1
4,1842,-1
563,1842,-1
636,1842,1
4,1843,1
5,1843,-1
9,1843,1
168,1843,1
563,1843,-1
9,1844,1
168,1844,1
563,1844,-1
4,1845,1
9,1845,1
11,1845,2
22,1845,1
564,1845,-1
9,1846,1
11,1846,1
429,1846,1
564,1846,-1
5,1847,-1
11,1847,1
14,1847,1
429,1847,1
564,1847,-1
8,1848,-1
11,1848,1
429,1848,1
564,1848,-1
8,1849,-1
489,1849,1
565,1849,-1
8,1850,1
317,1850,1
565,1850,-1
8,1851,1
565,1851,-1
566,1851,1
4,1852,1
22,1852,2
566,1852,-1
9,1853,1
317,1853,1
566,1853,-1
4,1854,1
8,1854,-1
160,1854,1
567,1854,-1
8,1855,-1
491,1855,1
568,1855,-1
8,1856,1
160,1856,1
568,1856,-1
8,1857,1
568,1857,-1
569,1857,1
9,1858,1
22,1858,2
569,1858,-1
9,1859,1
160,1859,1
569,1859,-1
8,1860,-1
9,1860,1
160,1860,1
570,1860,-1
8,1861,-1
571,1861,-1
637,1861,1
8,1862,-1
571,1862,-1
638,1862,1
9,1863,-1
572,1863,-1
639,1863,1
3,1864,-1
572,1864,-1
640,1864,1
3,1865,-1
4,1865,1
572,1865,-1
641,1865,1
4,1866,1
5,1866,-1
572,1866,-1
641,1866,1
572,1867,-1
641,1867,1
572,1868,-1
642,1868,1
9,1869,-1
573,1869,-1
643,1869,1
3,1870,-1
4,1870,1
573,1870,-1
644,1870,1
4,1871,1
5,1871,-1
573,1871,-1
644,1871,1
573,1872,-1
644,1872,1
2,1873,1
9,1873,-1
574,1873,-1
645,1873,1
9,1874,-1
574,1874,-1
646,1874,1
8,1875,1
9,1875,-1
22,1875,1
266,1875,1
574,1875,-1
3,1876,-1
4,1876,1
22,1876,1
266,1876,1
574,1876,-1
4,1877,-1
574,1877,-1
647,1877,1
4,1878,1
5,1878,-1
22,1878,1
266,1878,1
574,1878,-1
574,1879,-1
645,1879,1
22,1880,1
266,1880,1
574,1880,-1
575,1881,-1
648,1881,1
9,1882,1
11,1882,1
266,1882,1
575,1882,-1
9,1883,-1
576,1883,-1
649,1883,1
3,1884,-1
4,1884,1
576,1884,-1
650,1884,1
4,1885,1
5,1885,-1
576,1885,-1
650,1885,1
8,1886,1
11,1886,1
576,1886,-1
651,1886,1
576,1887,-1
650,1887,1
576,1888,-1
652,1888,1
8,1889,1
577,1889,-1
580,1889,1
8,1890,-1
498,1890,1
577,1890,-1
8,1891,1
577,1891,-1
579,1891,1
4,1892,1
8,1892,-1
578,1892,-1
580,1892,1
4,1893,1
578,1893,-1
579,1893,1
9,1894,1
579,1894,-1
580,1894,1
9,1895,1
22,1895,1
579,1895,-1
8,1896,-1
9,1896,1
11,1896,1
580,1896,-1
8,1897,-1
9,1897,1
580,1897,1
581,1897,-1
8,1898,1
582,1898,-1
653,1898,1
8,1899,1
582,1899,-1
583,1899,1
8,1900,1
582,1900,-1
583,1900,1
22,1901,1
583,1901,-1
654,1901,1
8,1902,-1
584,1902,-1
655,1902,1
25,1903,1
584,1903,-1
654,1903,1
4,1904,1
8,1904,-1
179,1904,1
585,1904,-1
4,1905,1
8,1905,1
179,1905,1
586,1905,-1
8,1906,-1
501,1906,1
586,1906,-1
4,1907,1
501,1907,1
587,1907,-1
4,1908,1
5,1908,1
8,1908,-1
179,1908,1
587,1908,-1
4,1909,1
8,1909,-1
11,1909,2
22,1909,1
588,1909,-1
4,1910,1
530,1910,1
588,1910,-1
2,1911,1
9,1911,-1
508,1911,1
589,1911,-1
9,1912,-1
509,1912,1
589,1912,-1
8,1913,1
9,1913,1
168,1913,1
589,1913,-1
3,1914,-1
4,1914,1
9,1914,1
168,1914,1
589,1914,-1
4,1915,-1
510,1915,1
589,1915,-1
4,1916,1
5,1916,-1
9,1916,1
168,1916,1
589,1916,-1
508,1917,1
589,1917,-1
9,1918,1
168,1918,1
589,1918,-1
8,1919,1
9,1919,1
310,1919,1
590,1919,-1
8,1920,-1
519,1920,1
590,1920,-1
4,1921,1
519,1921,1
591,1921,-1
4,1922,1
8,1922,-1
11,1922,1
310,1922,1
591,1922,-1
8,1923,1
98,1923,1
592,1923,-1
8,1924,-1
521,1924,1
592,1924,-1
4,1925,1
521,1925,1
593,1925,-1
4,1926,1
8,1926,-1
11,1926,1
98,1926,1
593,1926,-1
8,1927,-1
594,1927,-1
656,1927,1
8,1928,-1
539,1928,1
595,1928,-1
8,1929,1
595,1929,-1
596,1929,1
4,1930,1
596,1930,-1
657,1930,1
8,1931,-1
540,1931,1
597,1931,-1
8,1932,1
22,1932,1
94,1932,1
597,1932,-1
8,1933,1
597,1933,-1
598,1933,1
22,1934,1
94,1934,1
598,1934,-1
8,1935,-1
541,1935,1
599,1935,-1
8,1936,1
599,1936,-1
600,1936,1
9,1937,1
600,1937,-1
657,1937,1
8,1938,-1
600,1938,1
601,1938,-1
9,1939,-1
602,1939,-1
658,1939,1
8,1940,1
9,1940,1
306,1940,1
602,1940,-1
3,1941,-1
4,1941,1
9,1941,1
306,1941,1
602,1941,-1
4,1942,-1
602,1942,-1
659,1942,1
4,1943,1
5,1943,-1
9,1943,1
306,1943,1
602,1943,-1
9,1944,1
306,1944,1
602,1944,-1
2,1945,1
9,1945,-1
603,1945,-1
660,1945,1
9,1946,-1
603,1946,-1
661,1946,1
8,1947,2
9,1947,-1
175,1947,1
603,1947,-1
3,1948,-1
4,1948,1
8,1948,1
175,1948,1
603,1948,-1
4,1949,-1
603,1949,-1
662,1949,1
4,1950,1
5,1950,-1
8,1950,1
175,1950,1
603,1950,-1
603,1951,-1
660,1951,1
8,1952,1
175,1952,1
603,1952,-1
2,1953,1
9,1953,-1
604,1953,-1
663,1953,1
9,1954,-1
604,1954,-1
664,1954,1
4,1955,1
8,1955,1
9,1955,-1
175,1955,1
604,1955,-1
3,1956,-1
4,1956,2
175,1956,1
604,1956,-1
4,1957,-1
604,1957,-1
665,1957,1
4,1958,2
5,1958,-1
175,1958,1
604,1958,-1
604,1959,-1
663,1959,1
4,1960,1
175,1960,1
604,1960,-1
2,1961,1
9,1961,-1
605,1961,-1
666,1961,1
9,1962,-1
605,1962,-1
667,1962,1
4,1963,1
8,1963,1
9,1963,-1
197,1963,1
605,1963,-1
3,1964,-1
4,1964,2
197,1964,1
605,1964,-1
4,1965,-1
605,1965,-1
668,1965,1
4,1966,2
5,1966,-1
197,1966,1
605,1966,-1
605,1967,-1
666,1967,1
4,1968,1
197,1968,1
605,1968,-1
8,1969,1
91,1969,1
606,1969,-1
8,1970,-1
547,1970,1
606,1970,-1
4,1971,1
547,1971,1
607,1971,-1
4,1972,1
8,1972,-1
11,1972,1
91,1972,1
607,1972,-1
8,1973,-1
550,1973,1
608,1973,-1
8,1974,1
9,1974,1
337,1974,1
608,1974,-1
4,1975,1
8,1975,-1
11,1975,1
337,1975,1
609,1975,-1
4,1976,1
550,1976,1
609,1976,-1
8,1977,-1
551,1977,1
610,1977,-1
8,1978,1
9,1978,1
197,1978,1
610,1978,-1
5,1979,1
8,1979,-1
197,1979,1
611,1979,-1
4,1980,1
551,1980,1
611,1980,-1
8,1981,1
9,1981,1
284,1981,1
612,1981,-1
2,1982,1
9,1982,-1
612,1982,-1
628,1982,1
9,1983,-1
612,1983,-1
629,1983,1
3,1984,-1
4,1984,1
9,1984,1
284,1984,1
612,1984,-1
4,1985,-1
612,1985,-1
630,1985,1
4,1986,1
5,1986,-1
9,1986,1
284,1986,1
612,1986,-1
9,1987,1
284,1987,1
612,1987,-1
612,1988,-1
628,1988,1
4,1989,1
8,1989,1
9,1989,-1
195,1989,1
613,1989,-1
2,1990,1
9,1990,-1
613,1990,-1
669,1990,1
9,1991,-1
613,1991,-1
670,1991,1
3,1992,-1
4,1992,2
195,1992,1
613,1992,-1
4,1993,-1
613,1993,-1
671,1993,1
4,1994,2
5,1994,-1
195,1994,1
613,1994,-1
4,1995,1
195,1995,1
613,1995,-1
613,1996,-1
669,1996,1
8,1997,-1
9,1997,1
614,1997,-1
669,1997,1
8,1998,-1
553,1998,1
615,1998,-1
8,1999,-1
9,1999,1
615,1999,-1
670,1999,1
4,2000,1
8,2000,1
196,2000,1
615,2000,-1
8,2001,-1
9,2001,1
616,2001,-1
671,2001,1
4,2002,1
553,2002,1
616,2002,-1
9,2003,-1
617,2003,-1
672,2003,1
8,2004,2
9,2004,-1
197,2004,1
617,2004,-1
3,2005,-1
4,2005,1
8,2005,1
197,2005,1
617,2005,-1
4,2006,-1
617,2006,-1
673,2006,1
4,2007,1
5,2007,-1
8,2007,1
197,2007,1
617,2007,-1
8,2008,1
197,2008,1
617,2008,-1
8,2009,1
9,2009,1
193,2009,1
618,2009,-1
8,2010,1
193,2010,1
618,2010,-1
8,2011,2
193,2011,1
619,2011,-1
8,2012,-1
555,2012,1
619,2012,-1
4,2013,1
555,2013,1
620,2013,-1
4,2014,1
555,2014,1
620,2014,-1
4,2015,1
8,2015,1
11,2015,1
193,2015,1
620,2015,-1
4,2016,1
8,2016,-1
193,2016,1
621,2016,-1
4,2017,1
8,2017,1
193,2017,1
622,2017,-1
8,2018,-1
556,2018,1
622,2018,-1
4,2019,1
556,2019,1
623,2019,-1
4,2020,2
8,2020,-1
11,2020,1
193,2020,1
623,2020,-1
2,2021,1
9,2021,-1
624,2021,-1
674,2021,1
9,2022,-1
624,2022,-1
675,2022,1
4,2023,1
8,2023,1
9,2023,-1
352,2023,1
624,2023,-1
3,2024,-1
4,2024,2
352,2024,1
624,2024,-1
4,2025,-1
624,2025,-1
676,2025,1
4,2026,2
5,2026,-1
352,2026,1
624,2026,-1
624,2027,-1
674,2027,1
4,2028,1
352,2028,1
624,2028,-1
8,2029,-1
9,2029,1
193,2029,1
625,2029,-1
8,2030,1
9,2030,1
193,2030,1
626,2030,-1
8,2031,-1
558,2031,1
626,2031,-1
4,2032,1
555,2032,1
627,2032,-1
4,2033,1
8,2033,-1
9,2033,1
11,2033,1
193,2033,1
627,2033,-1
8,2034,-1
9,2034,1
284,2034,1
628,2034,-1
4,2035,1
9,2035,1
89,2035,1
392,2035,1
628,2035,-1
8,2036,-1
612,2036,1
629,2036,-1
4,2037,1
9,2037,1
89,2037,1
457,2037,1
629,2037,-1
5,2038,1
8,2038,-1
9,2038,1
284,2038,1
630,2038,-1
4,2039,1
612,2039,1
630,2039,-1
4,2040,1
612,2040,1
630,2040,-1
9,2041,1
160,2041,1
631,2041,-1
8,2042,-1
632,2042,-1
677,2042,1
8,2043,-1
562,2043,1
633,2043,-1
633,2044,-1
677,2044,1
4,2045,1
8,2045,-1
11,2045,1
160,2045,1
634,2045,-1
4,2046,1
562,2046,1
634,2046,-1
8,2047,-1
563,2047,1
635,2047,-1
8,2048,1
9,2048,1
168,2048,1
635,2048,-1
4,2049,1
8,2049,-1
11,2049,1
168,2049,1
636,2049,-1
4,2050,1
563,2050,1
636,2050,-1
9,2051,-1
637,2051,-1
678,2051,1
3,2052,-1
4,2052,1
637,2052,-1
679,2052,1
4,2053,1
5,2053,-1
637,2053,-1
679,2053,1
637,2054,-1
679,2054,1
9,2055,-1
638,2055,-1
680,2055,1
3,2056,-1
4,2056,1
638,2056,-1
681,2056,1
4,2057,1
5,2057,-1
638,2057,-1
681,2057,1
638,2058,-1
681,2058,1
8,2059,-1
9,2059,1
639,2059,-1
682,2059,1
8,2060,-1
572,2060,1
639,2060,-1
8,2061,1
639,2061,-1
641,2061,1
8,2062,-1
9,2062,1
640,2062,-1
683,2062,1
9,2063,1
22,2063,1
641,2063,-1
684,2063,1
4,2064,1
160,2064,1
641,2064,-1
651,2064,1
8,2065,-1
9,2065,1
642,2065,-1
685,2065,1
8,2066,-1
573,2066,1
643,2066,-1
8,2067,1
643,2067,-1
644,2067,1
266,2068,1
644,2068,-1
651,2068,1
8,2069,-1
22,2069,1
266,2069,1
645,2069,-1
8,2070,1
11,2070,1
646,2070,-1
651,2070,1
8,2071,-1
574,2071,1
646,2071,-1
8,2072,1
22,2072,1
266,2072,1
646,2072,-1
5,2073,1
8,2073,-1
11,2073,1
647,2073,-1
651,2073,1
4,2074,1
574,2074,1
647,2074,-1
11,2075,-1
310,2075,1
648,2075,-1
3,2076,-1
4,2076,1
310,2076,1
648,2076,-1
4,2077,-1
5,2077,1
310,2077,1
648,2077,-1
16,2078,-1
17,2078,1
310,2078,1
648,2078,-1
12,2079,1
310,2079,1
648,2079,-1
8,2080,-1
576,2080,1
649,2080,-1
8,2081,1
9,2081,1
11,2081,1
649,2081,-1
651,2081,1
8,2082,1
649,2082,-1
650,2082,1
9,2083,1
11,2083,1
650,2083,-1
651,2083,1
8,2084,-1
9,2084,1
310,2084,1
651,2084,-1
9,2085,1
22,2085,1
266,2085,1
651,2085,-1
8,2086,-1
650,2086,1
652,2086,-1
9,2087,2
11,2087,1
651,2087,1
652,2087,-1
8,2088,-1
11,2088,1
653,2088,-1
654,2088,1
9,2089,1
11,2089,1
653,2089,-1
654,2089,1
9,2090,-1
654,2090,-1
686,2090,1
8,2091,1
9,2091,1
11,2091,1
128,2091,1
654,2091,-1
3,2092,-1
4,2092,1
9,2092,1
11,2092,1
128,2092,1
654,2092,-1
4,2093,-1
654,2093,-1
687,2093,1
4,2094,1
5,2094,-1
9,2094,1
11,2094,1
128,2094,1
654,2094,-1
9,2095,1
11,2095,1
128,2095,1
654,2095,-1
9,2096,-1
655,2096,-1
688,2096,1
3,2097,-1
4,2097,1
655,2097,-1
689,2097,1
4,2098,1
5,2098,-1
655,2098,-1
689,2098,1
655,2099,-1
689,2099,1
9,2100,-1
656,2100,-1
690,2100,1
3,2101,-1
4,2101,1
656,2101,-1
691,2101,1
4,2102,1
5,2102,-1
656,2102,-1
691,2102,1
656,2103,-1
691,2103,1
656,2104,-1
692,2104,1
5,2105,-1
14,2105,1
657,2105,-1
693,2105,1
8,2106,-1
657,2106,-1
693,2106,1
9,2107,1
11,2107,1
540,2107,1
657,2107,-1
8,2108,-1
602,2108,1
658,2108,-1
4,2109,1
9,2109,1
168,2109,1
432,2109,1
658,2109,-1
5,2110,1
8,2110,-1
11,2110,1
306,2110,1
659,2110,-1
4,2111,1
602,2111,1
659,2111,-1
4,2112,1
602,2112,1
659,2112,-1
8,2113,1
175,2113,1
660,2113,-1
8,2114,-1
603,2114,1
661,2114,-1
8,2115,2
175,2115,1
661,2115,-1
4,2116,1
8,2116,1
11,2116,1
175,2116,1
662,2116,-1
4,2117,1
603,2117,1
662,2117,-1
4,2118,1
8,2118,-1
175,2118,1
663,2118,-1
8,2119,-1
604,2119,1
664,2119,-1
4,2120,1
8,2120,1
175,2120,1
664,2120,-1
4,2121,2
8,2121,-1
11,2121,1
175,2121,1
665,2121,-1
4,2122,1
604,2122,1
665,2122,-1
4,2123,1
8,2123,-1
197,2123,1
666,2123,-1
8,2124,-1
605,2124,1
667,2124,-1
4,2125,1
8,2125,1
197,2125,1
667,2125,-1
4,2126,2
8,2126,-1
11,2126,1
197,2126,1
668,2126,-1
4,2127,1
605,2127,1
668,2127,-1
4,2128,1
8,2128,-1
195,2128,1
669,2128,-1
4,2129,1
9,2129,1
168,2129,1
304,2129,1
669,2129,-1
8,2130,-1
613,2130,1
670,2130,-1
4,2131,1
9,2131,1
168,2131,1
432,2131,1
670,2131,-1
4,2132,1
5,2132,1
8,2132,-1
195,2132,1
671,2132,-1
4,2133,1
613,2133,1
671,2133,-1
4,2134,1
613,2134,1
671,2134,-1
8,2135,-1
617,2135,1
672,2135,-1
8,2136,2
197,2136,1
672,2136,-1
5,2137,1
8,2137,-1
197,2137,1
673,2137,-1
4,2138,1
617,2138,1
673,2138,-1
4,2139,1
617,2139,1
673,2139,-1
4,2140,1
304,2140,1
429,2140,1
674,2140,-1
4,2141,1
8,2141,-1
352,2141,1
674,2141,-1
4,2142,1
429,2142,1
432,2142,1
675,2142,-1
8,2143,-1
624,2143,1
675,2143,-1
4,2144,1
624,2144,1
676,2144,-1
4,2145,1
624,2145,1
676,2145,-1
5,2146,1
8,2146,-1
352,2146,1
676,2146,-1
9,2147,-1
677,2147,-1
694,2147,1
3,2148,-1
4,2148,1
677,2148,-1
695,2148,1
4,2149,1
5,2149,-1
677,2149,-1
695,2149,1
677,2150,-1
695,2150,1
8,2151,1
11,2151,1
419,2151,1
678,2151,-1
8,2152,1
678,2152,-1
679,2152,1
8,2153,1
9,2153,1
11,2153,1
419,2153,1
678,2153,-1
9,2154,1
160,2154,1
310,2154,1
679,2154,-1
8,2155,1
11,2155,1
652,2155,1
680,2155,-1
8,2156,1
680,2156,-1
681,2156,1
8,2157,1
9,2157,1
11,2157,1
652,2157,1
680,2157,-1
9,2158,1
168,2158,1
651,2158,1
681,2158,-1
8,2159,1
11,2159,1
682,2159,-1
684,2159,1
4,2160,1
8,2160,1
160,2160,1
310,2160,1
682,2160,-1
4,2161,1
8,2161,-1
11,2161,1
683,2161,-1
684,2161,1
4,2162,1
9,2162,1
11,2162,1
683,2162,-1
684,2162,1
8,2163,-1
9,2163,1
684,2163,-1
696,2163,1
4,2164,1
9,2164,1
11,2164,2
160,2164,1
684,2164,-1
8,2165,-1
9,2165,1
11,2165,1
684,2165,1
685,2165,-1
4,2166,1
9,2166,1
160,2166,1
310,2166,1
685,2166,-1
8,2167,-1
654,2167,1
686,2167,-1
8,2168,1
9,2168,1
11,2168,1
128,2168,1
686,2168,-1
5,2169,1
8,2169,-1
11,2169,1
128,2169,1
687,2169,-1
4,2170,1
654,2170,1
687,2170,-1
8,2171,-1
655,2171,1
688,2171,-1
8,2172,1
688,2172,-1
689,2172,1
8,2173,1
688,2173,-1
689,2173,1
9,2174,1
89,2174,1
128,2174,1
689,2174,-1
8,2175,-1
656,2175,1
690,2175,-1
8,2176,1
690,2176,-1
691,2176,1
305,2177,1
691,2177,-1
8,2178,-1
691,2178,1
692,2178,-1
2,2179,1
9,2179,-1
693,2179,-1
697,2179,1
9,2180,-1
693,2180,-1
698,2180,1
8,2181,1
9,2181,-1
540,2181,1
693,2181,-1
3,2182,-1
4,2182,1
540,2182,1
693,2182,-1
4,2183,-1
693,2183,-1
699,2183,1
4,2184,1
5,2184,-1
540,2184,1
693,2184,-1
693,2185,-1
697,2185,1
540,2186,1
693,2186,-1
8,2187,-1
677,2187,1
694,2187,-1
8,2188,1
694,2188,-1
695,2188,1
9,2189,1
22,2189,1
160,2189,1
695,2189,-1
4,2190,1
8,2190,-1
11,2190,2
160,2190,1
696,2190,-1
4,2191,1
9,2191,1
11,2191,2
160,2191,1
696,2191,-1
8,2192,-1
540,2192,1
697,2192,-1
8,2193,-1
693,2193,1
698,2193,-1
8,2194,1
540,2194,1
698,2194,-1
4,2195,1
8,2195,-1
11,2195,1
699,2195,-1
700,2195,1
4,2196,1
693,2196,1
699,2196,-1
5,2197,-1
11,2197,1
14,2197,1
94,2197,1
700,2197,-1
8,2198,-1
11,2198,1
94,2198,1
700,2198,-1
9,2199,1
11,2199,1
94,2199,1
700,2199,-1
