J_1,J_2,J_3,J_4,J_5,J_6,J_7,J_8,J_11,J_12,J_13,J_14,J_15,J_16,J_17,J_18,J_19,J_20,J_21,J_22,J_23,J_24,J_31,J_32,J_33,J_34,J_35,J_41,J_51,J_52,J_53,J_54,J_55,J_56,w_ap,t
7.764050869846702e-15,5.286644499361255e-15,9.933272451966725e-17,4.592552081171806e-15,0.0,2.2077095588457538e-12,1.9243411007629194e-15,1.3156251525964412e-17,2.7506973661126716e-17,2.5218354277955e-17,3.676006803969861e-17,5.560245618203064e-17,9.638042230467787e-18,4.589543919270381e-18,5.459248342709634e-17,3.8395658860990815e-19,3.8395658860990815e-19,1.9690081467174882e-16,3.332789625088358e-17,3.570249352373134e-18,2.4894303960558635e-18,2.4894303960558635e-18,1.1731366425087159e-17,8.090273949174662e-17,2.85734310334458e-17,1.0580371968805529e-16,6.261290155150756e-16,4.384333494161323e-18,1.9936466409391166e-17,2.334873020817896e-18,1.885905137817645e-16,2.2558193064307246e-16,2.233433929198813e-17,8.181547446219671e-17,false,-180.0
9.259572389477969e-15,5.4403375637420485e-15,1.2175542932858482e-16,4.696595726988704e-15,0.0,2.2041802906958016e-12,2.2065562621044572e-15,1.5031732124902356e-17,3.037330131143045e-17,2.7078249940656824e-17,4.127913306314497e-17,6.19573692484921e-17,1.0539385094747141e-17,5.018754807022458e-18,6.018001348404602e-17,4.023650837257277e-19,4.023650837257277e-19,2.0634106857729685e-16,3.935864630725668e-17,3.983207713234701e-18,2.7125330089378912e-18,2.7125330089378912e-18,1.2914231064519013e-17,8.285384217479111e-17,3.072347018684982e-17,1.1602443125075028e-16,6.264812775852791e-16,4.689602141401319e-18,2.2961054816900856e-17,2.6002316798170688e-18,2.367019763056688e-16,2.8291173601339856e-16,2.3802797026903316e-17,9.326716198800939e-17,false,-165.0
1.1071387388964576e-14,5.635045043200362e-15,1.4555944382834362e-16,4.795323706343172e-15,0.0,2.2040352534534977e-12,2.501009355366352e-15,1.7634992331421815e-17,3.364070193931259e-17,2.9065156323464515e-17,5.172833177180638e-17,7.37933020829142e-17,1.1385398165941072e-17,5.421618174257653e-18,6.930492739736206e-17,4.1772890432729406e-19,4.1772890432729406e-19,2.142199509370741e-16,4.965537904756764e-17,4.553480771668328e-18,3.0990466375887845e-18,3.0990466375887845e-18,1.46140515011702e-17,8.5263390607995e-17,3.3563512738056576e-17,1.2602215394589833e-16,6.270129273381557e-16,4.9811781279667335e-18,2.7027586012054756e-17,2.8802032265896246e-18,2.848467927126972e-16,3.3994992640163765e-16,2.7650971762525433e-17,1.0888431586043618e-16,false,-150.0
1.3622549239757633e-14,5.906619842979807e-15,1.805201002867282e-16,5.0757177275041474e-15,0.0,2.202196310799712e-12,2.943553899562018e-15,2.1246210970318587e-17,3.818423942853212e-17,3.271322068183305e-17,6.042855543168735e-17,8.574985519483283e-17,1.2791589670089318e-17,6.0912331762329965e-18,8.047752859166651e-17,4.540186184191941e-19,4.540186184191941e-19,2.3283006072779185e-16,6.014285601926472e-17,5.134805557414875e-18,3.642274807718445e-18,3.642274807718445e-18,1.6989145613739546e-17,8.964506259393501e-17,3.791043089964165e-17,1.4291756742881167e-16,6.293111678509166e-16,5.504536386946649e-18,3.272850833902601e-17,3.2913737168511297e-18,3.579285468987518e-16,4.259876671855619e-16,3.1961689126307295e-17,1.298602700839366e-16,false,-135.0
1.3374829205743157e-14,6.0238519460353885e-15,1.782993270524657e-16,5.11340427549813e-15,0.0,2.276025654177335e-12,2.986392295884383e-15,2.085059535564686e-17,3.752527270903897e-17,3.190285930822233e-17,6.046625202784177e-17,8.477669965579112e-17,1.245090057406618e-17,5.9290002733648645e-18,7.8861375961427e-17,4.504666960867966e-19,4.504666960867966e-19,2.310085620957926e-16,5.974473122102083e-17,5.092668085994112e-18,3.522245778183893e-18,3.522245778183893e-18,1.662223244978071e-17,9.044531697010749e-17,3.7144106093923215e-17,1.447386711160266e-16,6.487653634009945e-16,5.394876246595639e-18,3.210282885804631e-17,3.1853134542358958e-18,3.492101755991061e-16,4.161736383445058e-16,3.113467268237087e-17,1.2734612381067102e-16,false,-120.0
1.4390177968779153e-14,6.245355466435132e-15,1.9274906161305454e-16,5.308123677796593e-15,0.0,2.3327678352938256e-12,3.1702044106158216e-15,2.2316141252941237e-17,3.9562321031216297e-17,3.38478784069321e-17,6.479346847336849e-17,9.078574353147902e-17,1.3025832044907867e-17,6.202777164241858e-18,8.4593147261935e-17,4.707979841118486e-19,4.707979841118486e-19,2.414348636471019e-16,6.473736637355236e-17,5.349752868567752e-18,3.770290291628698e-18,3.770290291628698e-18,1.7714358532984633e-17,9.373596691637798e-17,3.918055079170554e-17,1.549876009224635e-16,6.644542586279879e-16,5.6433094475930055e-18,3.434246170848291e-17,3.3797529902526977e-18,3.7638862249641393e-16,4.476758005630046e-16,3.4167326317258746e-17,1.35442646758417e-16,false,-105.0
1.5271721687796603e-14,6.338101724960359e-15,2.0499305903847462e-16,5.372457268952237e-15,0.0,2.3315562924363805e-12,3.331112821862064e-15,2.3476427785644245e-17,4.1018891956956807e-17,3.4745206116398546e-17,6.838606735426121e-17,9.540289236886848e-17,1.3451618062424057e-17,6.40553241067812e-18,8.874834980418767e-17,4.821324684297864e-19,4.821324684297864e-19,2.472474197075839e-16,6.830478070697763e-17,5.474081852112368e-18,3.9555307401826024e-18,3.9555307401826024e-18,1.8534764853367026e-17,9.514480388932886e-17,4.070604397655415e-17,1.6012147621982763e-16,6.650147601823414e-16,5.794271484300808e-18,3.615700753527444e-17,3.503438230932734e-18,4.054060827170941e-16,4.816595255592263e-16,3.567172676480467e-17,1.43047485817373e-16,false,-90.0
1.6763771253072216e-14,6.493627543051857e-15,2.190979045672177e-16,5.5615457595423406e-15,0.0,2.3309396009658415e-12,3.637355079045316e-15,2.5988887146835667e-17,4.3871570937464205e-17,3.677544020288967e-17,7.567658348180043e-17,1.0479940340003604e-16,1.4452829996901917e-17,6.88229999852475e-18,9.683768803960338e-17,5.022199373651666e-19,5.022199373651666e-19,2.5754868582829286e-16,7.61553412319599e-17,5.906910689592565e-18,4.2935267692188194e-18,4.2935267692188194e-18,2.0191586542155535e-17,9.795488580853108e-17,4.363506258172836e-17,1.7110515107976948e-16,6.6656443339224e-16,6.168204551441263e-18,4.011586656634807e-17,3.8555465284080526e-18,4.3846334369681226e-16,5.211607222147644e-16,3.8937141295763424e-17,1.5670822663043072e-16,false,-75.0
1.964963449108129e-14,6.814404976437167e-15,2.5759960222188364e-16,5.871577664724048e-15,0.0,2.3365372187628644e-12,4.0896308280843e-15,3.0251338689337365e-17,4.947002222991533e-17,4.058815640384796e-17,8.849790664648829e-17,1.220102704414107e-16,1.6131080151640697e-17,7.681466738876504e-18,1.1267892603275077e-16,5.401783593133132e-19,5.401783593133132e-19,2.770145432375943e-16,8.923327583674368e-17,6.778321733018577e-18,4.9735388102978564e-18,4.9735388102978564e-18,2.3213855013206393e-17,1.0319638111052015e-16,4.907401880134257e-17,1.904010405865943e-16,6.690958213778983e-16,6.808147276909807e-18,4.671991029708481e-17,4.4356218074222664e-18,5.013402948911803e-16,5.955701715701747e-16,4.514843410345088e-17,1.8188002096763158e-16,false,-60.0
1.9307303342637498e-14,6.873754736407334e-15,2.5231747656587695e-16,5.861321227554572e-15,0.0,2.384443222709854e-12,3.9408970256771286e-15,2.9980843054586816e-17,4.974586431643359e-17,4.088401046416371e-17,8.602311070044959e-17,1.2021438594143492e-16,1.621475682067242e-17,7.721312771748775e-18,1.121857530304925e-16,5.384296576503576e-19,5.384296576503576e-19,2.761177731540295e-16,8.7037715808698e-17,6.6811787085546974e-18,4.957418735819032e-18,4.957418735819032e-18,2.3136859018540082e-17,1.034294306615495e-16,4.9063047930836145e-17,1.876462944089679e-16,6.704489789286107e-16,6.867668199078472e-18,4.628002512244257e-17,4.494154120377306e-18,4.778172494764887e-16,5.675785990170241e-16,4.525372310885982e-17,1.8035062653951636e-16,false,-45.0
1.96679669405208e-14,6.8890687792221295e-15,2.60374892605093e-16,5.948073089172002e-15,0.0,2.37353062304845e-12,4.13769261518255e-15,3.0265404427180195e-17,5.063220374374658e-17,4.113949140852604e-17,8.979665633578884e-17,1.2397058960800408e-16,1.6477864920196157e-17,7.846602342950575e-18,1.142638971839477e-16,5.441623991077858e-19,5.441623991077858e-19,2.79057640568094e-16,8.998109251839595e-17,6.840415438028346e-18,4.96622408540019e-18,4.96622408540019e-18,2.340556047937153e-17,1.0435984653332466e-16,4.9626292865124603e-17,1.9233969655740348e-16,6.759415110235538e-16,6.951758078198188e-18,4.67130411901763e-17,4.5961926178205524e-18,5.063050644592984e-16,6.01296918838696e-16,4.597526047658624e-17,1.8205434638281874e-16,false,-30.0
2.0997453714454027e-14,7.0547618737302226e-15,2.8363892574190397e-16,6.015149382008984e-15,0.0,2.3849967113075296e-12,4.407095737819513e-15,3.1385500549581045e-17,5.047633737269709e-17,4.1326149169976174e-17,9.443732743385935e-17,1.2713985839216917e-16,1.630522421876373e-17,7.764392485125582e-18,1.1507622086984401e-16,5.466217752956548e-19,5.466217752956548e-19,2.8031885912597613e-16,9.643842469187963e-17,6.88821556728509e-18,5.107326600024369e-18,5.107326600024369e-18,2.3714892681207302e-17,1.0478679960937501e-16,4.9764462832648134e-17,1.9846507716734458e-16,6.797256123242557e-16,6.851577729026987e-18,4.860956499856754e-17,4.436718435850911e-18,5.469265631966692e-16,6.493905668518361e-16,4.622073659325842e-17,1.8864962705246184e-16,false,-15.0
2.2062001192614923e-14,7.170137957655997e-15,3.0037421647620613e-16,6.1825582424046495e-15,0.0,2.385525687207286e-12,4.5576813045244085e-15,3.286919124974227e-17,5.2571032005150484e-17,4.294115189396888e-17,9.812470336554317e-17,1.3257632348340593e-16,1.685817983424173e-17,8.02770468297229e-18,1.2070281187630052e-16,5.6605695973445e-19,5.6605695973445e-19,2.9028562037663955e-16,9.993523967847635e-17,7.1294596364739e-18,5.3419753017650864e-18,5.3419753017650864e-18,2.4825064272921947e-17,1.0706680059433781e-16,5.187261572556429e-17,2.0527992161951146e-16,6.814845788798512e-16,7.084291875731228e-18,5.086072461576368e-17,4.630490013057608e-18,5.701321332933258e-16,6.772717533036715e-16,4.820091427720758e-17,1.9786187514279268e-16,false,0.0
2.090959148782295e-14,7.008773493973958e-15,2.7946989838244885e-16,6.094999201488088e-15,0.0,2.3674927190478745e-12,4.375135216970299e-15,3.1805289976197376e-17,5.15729818075102e-17,4.203738003093557e-17,9.476193601936924e-17,1.2877452255434507e-16,1.669829814814023e-17,7.951570546733456e-18,1.1745000268726985e-16,5.525635855788276e-19,5.525635855788276e-19,2.833659413224772e-16,9.593108689416002e-17,7.082678955233861e-18,5.121177319837714e-18,5.121177319837714e-18,2.415927260977971e-17,1.0602892942861698e-16,5.075459716702131e-17,2.0012034187520372e-16,6.820372545664509e-16,7.016809701673697e-18,4.9177734249925123e-17,4.61456721904646e-18,5.412841017612329e-16,6.430401764724381e-16,4.689560127700765e-17,1.9079372942828088e-16,false,15.0
2.3189708214543454e-14,7.231814145359214e-15,3.080706316945686e-16,6.2959487293693415e-15,0.0,2.356774053698603e-12,4.762360678336417e-15,3.528414444314509e-17,5.606324232495349e-17,4.521514398926588e-17,1.0636459294419603e-16,1.430288391946496e-16,1.8148544315502607e-17,8.642163959763163e-18,1.296586954077888e-16,5.820436716729427e-19,5.820436716729427e-19,2.984839341912531e-16,1.0750502199794143e-16,7.554196281374448e-18,5.6921938273762e-18,5.6921938273762e-18,2.6621414233708343e-17,1.1001916658728915e-16,5.52183069620519e-17,2.1643873012335764e-16,6.820707586636198e-16,7.572983467532019e-18,5.4622350673983556e-17,5.136286468039251e-18,5.784514026460358e-16,6.866808768178174e-16,5.195157834538617e-17,2.1267652651300758e-16,false,30.0
2.2201396533172554e-14,7.125490468864422e-15,2.98532813151537e-16,6.153417056221136e-15,0.0,2.3557930223650345e-12,4.602351722896671e-15,3.328904565585225e-17,5.331363924776482e-17,4.333629039293027e-17,9.985703845261879e-17,1.3476471828126246e-16,1.7159783249846717e-17,8.171325357069884e-18,1.2239832458485927e-16,5.666716975910839e-19,5.666716975910839e-19,2.906008705595307e-16,1.0138763052465373e-16,7.205790584021968e-18,5.392711148253591e-18,5.392711148253591e-18,2.5132083846825498e-17,1.0733725515107682e-16,5.242542148771415e-17,2.0783764344772418e-16,6.812499752839417e-16,7.182752780381353e-18,5.1540469936330676e-17,4.7519594779112825e-18,5.780118798168678e-16,6.861213678324112e-16,4.8647534940233167e-17,2.0089366427343391e-16,false,45.0
2.0889729984609397e-14,6.993278272957558e-15,2.7812444239781777e-16,5.960829525963148e-15,0.0,2.361850321009672e-12,4.429651037062427e-15,3.1590265894114684e-17,5.0308134286695066e-17,4.114561935083861e-17,9.534096933436389e-17,1.2782204949780678e-16,1.6008157503492194e-17,7.622932144520083e-18,1.1557794591464039e-16,5.372793316948721e-19,5.372793316948721e-19,2.7552786240762626e-16,9.666063351398705e-17,6.919103262508766e-18,5.054901746106291e-18,5.054901746106291e-18,2.3741558404725872e-17,1.0434621727303635e-16,4.9477138670222345e-17,2.0098009512573597e-16,6.809151262880982e-16,6.738852796154413e-18,4.8886899709659585e-17,4.380461595126861e-18,5.489297744731564e-16,6.514455399547587e-16,4.614708545964925e-17,1.8924958733458146e-16,false,60.0
2.070516730921355e-14,6.989233217016704e-15,2.778256084900072e-16,6.006176301204071e-15,0.0,2.3698796109151613e-12,4.430297175449512e-15,3.0897829702579763e-17,4.9430560639798994e-17,4.084147333267873e-17,9.272588629076376e-17,1.2408377274186717e-16,1.5747097441070077e-17,7.49861782908099e-18,1.1187538784544423e-16,5.384514118317404e-19,5.384514118317404e-19,2.761289291444828e-16,9.477676678223865e-17,6.684636680961889e-18,4.96307037893369e-18,4.96307037893369e-18,2.3133868791940464e-17,1.0393626948994241e-16,4.8491596691480615e-17,1.977722671144923e-16,6.829050068858723e-16,6.634636840090142e-18,4.7888643460824895e-17,4.230786224932206e-18,5.558404599955686e-16,6.598993449102255e-16,4.415224977451366e-17,1.8539181334693804e-16,false,75.0
2.212757038747258e-14,7.191892642641126e-15,2.9585398033758503e-16,6.200517863020812e-15,0.0,2.3947599682399296e-12,4.5355952913934374e-15,3.323351904994245e-17,5.2184376494558306e-17,4.276061124673618e-17,9.807258841214695e-17,1.3244513693072725e-16,1.667111262343992e-17,7.938625058780909e-18,1.2041128364726278e-16,5.591835834934296e-19,5.591835834934296e-19,2.867608120479134e-16,1.0067006677546432e-16,7.169060699529142e-18,5.333867286674281e-18,5.333867286674281e-18,2.4756506541738948e-17,1.0719042298321059e-16,5.1362657477153954e-17,2.045103810481624e-16,6.887811105731319e-16,7.026734462790108e-18,5.148111265345711e-17,4.628043272251872e-18,5.768590659736896e-16,6.850113356775523e-16,4.8240889216182106e-17,1.9970910485831137e-16,false,90.0
2.089248928552537e-14,7.067113249897663e-15,2.7801050037953835e-16,6.0632541137904e-15,0.0,2.3996129536119405e-12,4.42589792932085e-15,3.135484268842688e-17,4.9398171391056676e-17,4.093521293573149e-17,9.356401671310565e-17,1.2465036650260435e-16,1.5704098817404355e-17,7.478142294002057e-18,1.1215103268022907e-16,5.393577961943895e-19,5.393577961943895e-19,2.7659374163814884e-16,9.631372944597677e-17,6.696738262177477e-18,5.0296177096816704e-18,5.0296177096816704e-18,2.3305327335146754e-17,1.046881956217734e-16,4.867050614502806e-17,1.998571428180295e-16,6.882516006643945e-16,6.619437950509137e-18,4.862538850723031e-17,4.185475580867382e-18,5.377542000761462e-16,6.384911339471858e-16,4.476870669665093e-17,1.8775656332589526e-16,false,105.0
2.0598861730676953e-14,7.028113681953455e-15,2.741315241142648e-16,6.078695592184977e-15,0.0,2.3954519824882114e-12,4.37366073437719e-15,3.1239470006813244e-17,5.035403842527956e-17,4.110266061208808e-17,9.443781809623483e-17,1.2643659301627846e-16,1.6152837200757604e-17,7.691827238455987e-18,1.1406127993376533e-16,5.426605287657675e-19,5.426605287657675e-19,2.7828745064911306e-16,9.526425656189699e-17,6.877522351523368e-18,5.04336927894949e-18,5.04336927894949e-18,2.355466530159638e-17,1.0531694726290008e-16,4.9481756692495183e-17,1.9737863799467733e-16,6.872552525964592e-16,6.806351582741866e-18,4.8362002362676094e-17,4.405456591200308e-18,5.342665190066774e-16,6.340290997213092e-16,4.5526542517385697e-17,1.872425790165207e-16,false,120.0
2.0189385910031998e-14,6.851049732577385e-15,2.6763432391349934e-16,5.8701610295919685e-15,0.0,2.32674314299619e-12,4.187631146073742e-15,3.075950228196894e-17,4.9175086171623355e-17,4.012596718412573e-17,9.147093116146559e-17,1.234927070889783e-16,1.568387772535643e-17,7.468513202550688e-18,1.1228102615216526e-16,5.300696012482745e-19,5.300696012482745e-19,2.7183056474270554e-16,9.245870973130013e-17,6.971727905578263e-18,4.962439293459603e-18,4.962439293459603e-18,2.3142922662720428e-17,1.0268135736830926e-16,4.844862450218834e-17,1.9235826084877997e-16,6.70392017778175e-16,6.592044649032773e-18,4.7606440367351827e-17,4.2289781019725236e-18,5.180783893733263e-16,6.151423405240266e-16,4.468534500956575e-17,1.846358701788304e-16,false,135.0
1.9598510035997966e-14,6.656406711150265e-15,2.586805635379925e-16,5.739042789686815e-15,0.0,2.260707330561504e-12,4.14323555072339e-15,3.0099997302457827e-17,4.937992977451418e-17,4.0137535534816507e-17,8.87328272510747e-17,1.2083483822544923e-16,1.582913705039063e-17,7.537684309709814e-18,1.1034692993900165e-16,5.214644074703496e-19,5.214644074703496e-19,2.6741764485658977e-16,8.984034193243946e-17,6.6669451701491536e-18,4.82258986615661e-18,4.82258986615661e-18,2.282959204007932e-17,1.0062907464685875e-16,4.806740316295625e-17,1.9049402570124622e-16,6.501137042543799e-16,6.612058204406106e-18,4.662110619941995e-17,4.298091882632311e-18,5.069872426483772e-16,6.020090063391833e-16,4.385472522355407e-17,1.8053728980283395e-16,false,150.0
1.9629567961624012e-14,6.586874740232103e-15,2.6019622586511265e-16,5.631739710988458e-15,0.0,2.223760798044996e-12,4.132176611840935e-15,2.986865028230666e-17,4.8245729489181114e-17,3.905590197321453e-17,8.817831223037068e-17,1.2002351379966218e-16,1.5611795261481465e-17,7.434188219753064e-18,1.0939296255560847e-16,5.123427287952116e-19,5.123427287952116e-19,2.627398609206198e-16,8.980481150305113e-17,6.73639671632297e-18,4.782711386804266e-18,4.782711386804266e-18,2.2563540967370915e-17,9.908592334696516e-17,4.730887718730447e-17,1.8858725289368449e-16,6.435275840166603e-16,6.517914595343366e-18,4.626046219109247e-17,4.258065650497851e-18,5.129420133454165e-16,6.094050432306953e-16,4.341120210538912e-17,1.7899840028270703e-16,false,165.0
1.937571365600595e-14,6.575379475578642e-15,2.62221338742329e-16,5.5948359985056095e-15,0.0,2.2313283900110524e-12,4.023527392889066e-15,2.9178174772075666e-17,4.723632642498862e-17,3.8551344136950317e-17,8.539474880621356e-17,1.1670862578863409e-16,1.540804009018382e-17,7.33716194770659e-18,1.0657092723799938e-16,5.095171322862335e-19,5.095171322862335e-19,2.6129083706986255e-16,8.780470856962048e-17,6.514999954651041e-18,4.694699407376706e-18,4.694699407376706e-18,2.2036257311996674e-17,9.84322412144829e-17,4.64119720862631e-17,1.8470614487239948e-16,6.437348459685338e-16,6.4488914847946374e-18,4.523582550951901e-17,4.164777694591083e-18,4.984256904213162e-16,5.918053615969844e-16,4.170190114461211e-17,1.7508139385160415e-16,false,180.0
1.8686411225049116e-14,6.614526263137361e-15,2.514700762208733e-16,5.721295450551002e-15,0.0,2.289701588683777e-12,3.942482624808677e-15,2.8336126895553965e-17,4.608916548438383e-17,3.776287547276741e-17,8.517952262114036e-17,1.1485579107502508e-16,1.481682316498856e-17,7.055630078565989e-18,1.039731556870926e-16,5.055501746605086e-19,5.055501746605086e-19,2.592564998259015e-16,8.591991826534486e-17,6.3767551098734754e-18,4.569578512139876e-18,4.569578512139876e-18,2.1453608657392915e-17,9.870600612271856e-17,4.5327732230442934e-17,1.792108550552447e-16,6.546511505596279e-16,6.264231636318417e-18,4.3871650816587206e-17,4.004049722641171e-18,4.849085523277945e-16,5.759734704864441e-16,4.106223250196954e-17,1.7070776850782633e-16,false,195.0
1.9786931025532774e-14,7.0131338665498984e-15,2.6538779249896596e-16,6.187721802683713e-15,0.0,2.4318073216753882e-12,4.17261701114525e-15,2.999035065757071e-17,4.866001837751016e-17,4.048085151725107e-17,8.894675395605282e-17,1.2121938762170853e-16,1.5836081891680906e-17,7.540991376990921e-18,1.1079367371474287e-16,5.449471240955381e-19,5.449471240955381e-19,2.794600636387378e-16,9.020970879601916e-17,6.774251985112668e-18,4.908651672334593e-18,4.908651672334593e-18,2.2838455784661376e-17,1.054147560752427e-16,4.835183027903857e-17,1.9261097485042377e-16,6.94837021768391e-16,6.754274792888474e-18,4.636804336154816e-17,4.381631547933009e-18,5.120119985591877e-16,6.077975971600865e-16,4.418958775326903e-17,1.804935030685486e-16,false,210.0
1.82589098606273e-14,6.871080445396311e-15,2.4034004578247396e-16,6.061363871033718e-15,0.0,2.443489045180534e-12,3.95752641393289e-15,2.787678559523352e-17,4.5722661144633065e-17,3.816568442449871e-17,8.27440109368336e-17,1.1286420295330485e-16,1.501926404014665e-17,7.152030495307937e-18,1.0278000544932181e-16,5.243938667402421e-19,5.243938667402421e-19,2.6891993166166435e-16,8.403930400353282e-17,6.245013964475011e-18,4.53987261895321e-18,4.53987261895321e-18,2.1252455881056967e-17,1.0276414156278817e-16,4.5382735300598034e-17,1.8209956226629396e-16,6.955085534045218e-16,6.446889756324453e-18,4.313500831398446e-17,4.1296397025717166e-18,4.809117527760606e-16,5.704877457962944e-16,4.0576471963664593e-17,1.6889796635233048e-16,false,225.0
1.6026437712248593e-14,6.652082558024334e-15,2.105518141452551e-16,6.038601854470237e-15,0.0,2.455348503375849e-12,3.815956178280509e-15,2.4036298732070596e-17,4.431265566831654e-17,3.724280268431517e-17,7.853909943777478e-17,1.0720197263185782e-16,1.4522699340749928e-17,6.915571114642851e-18,9.763683086294054e-17,5.181120297688514e-19,5.181120297688514e-19,2.6569847680454006e-16,7.697214086321344e-17,6.129226088214623e-18,4.22313819926553e-18,4.22313819926553e-18,1.97921600004343e-17,1.015175076166205e-16,4.367083669821582e-17,1.7637931451099848e-16,6.976718276106799e-16,6.265340897190272e-18,3.6728659792035714e-17,3.934808551148439e-18,4.445774198378939e-16,5.289686368518681e-16,3.9402170286906327e-17,1.463606637053451e-16,false,240.0
1.4955124830813163e-14,6.552008918116597e-15,1.9565890483502304e-16,5.9418079885603026e-15,0.0,2.461837158635853e-12,3.589942190895464e-15,2.2739985961216308e-17,4.3014751652663186e-17,3.637743865104466e-17,7.303302838206271e-17,1.0116694169282674e-16,1.4039829061433277e-17,6.685632886396809e-18,9.329472191194055e-17,5.084075305778955e-19,5.084075305778955e-19,2.607218105527672e-16,7.162907608913635e-17,5.951265503631989e-18,3.994323270475097e-18,3.994323270475097e-18,1.8964261176968084e-17,1.003087378963385e-16,4.226615253285582e-17,1.6990015172043028e-16,6.981171199478209e-16,6.086859581480705e-18,3.465217984348984e-17,3.7573860611650055e-18,4.180368817541967e-16,4.975184515544619e-16,3.8178670812694973e-17,1.3655162126946433e-16,false,255.0
1.470944865094539e-14,6.545291002962149e-15,1.9108570152207537e-16,5.960247208895618e-15,0.0,2.470819000905354e-12,3.4872367679411594e-15,2.257466568742036e-17,4.3084011223568366e-17,3.622144342843608e-17,7.147603258477861e-17,1.0083185146605972e-16,1.403933223964222e-17,6.6853963045915325e-18,9.439650271419565e-17,5.118114292768842e-19,5.118114292768842e-19,2.6246739962917264e-16,6.938763885248698e-17,5.973701458054899e-18,4.002813862038462e-18,4.002813862038462e-18,1.9053436915448476e-17,1.0076560115157322e-16,4.2567143285204594e-17,1.6804825359260446e-16,6.999234469250848e-16,6.089178214945594e-18,3.4330023232965485e-17,3.7511839607832845e-18,4.17186655253711e-16,4.9636246955862995e-16,3.8848573572559726e-17,1.3582703211106623e-16,false,270.0
1.3840795132258294e-14,6.4622211973710004e-15,1.8013720237456795e-16,5.846174039897412e-15,0.0,2.4758999236334378e-12,3.325060265562669e-15,2.12824358222289e-17,4.068199382961365e-17,3.4513819473686347e-17,6.732435217138918e-17,9.519867143457471e-17,1.3460259799439885e-17,6.4096475235428166e-18,8.896316916051474e-17,4.898263366886677e-19,4.898263366886677e-19,2.511929931736776e-16,6.557419021146998e-17,5.5439519790265245e-18,3.805715714007549e-18,3.805715714007549e-18,1.797663731393687e-17,9.863759486808844e-17,4.0379698606562723e-17,1.6152162247172379e-16,6.992688175315732e-16,5.899155671211883e-18,3.234908550925638e-17,3.658181215611725e-18,3.848649698371146e-16,4.581454047306153e-16,3.65635378017657e-17,1.2878981458399775e-16,false,285.0
1.2779439844958306e-14,6.358786414491286e-15,1.6728333629028604e-16,5.783991620670064e-15,0.0,2.4810533441728714e-12,3.1992584871190797e-15,1.933779102924185e-17,3.856819354045322e-17,3.317303426982134e-17,6.438218895152598e-17,8.914983803791333e-17,1.26577910158399e-17,6.0275195313523455e-18,8.2110997385445e-17,4.773079404213066e-19,4.773079404213066e-19,2.44773302780157e-16,6.150345814132354e-17,5.216158255934172e-18,3.581916784616487e-18,3.581916784616487e-18,1.6667511541386708e-17,9.680322129016127e-17,3.815770340881303e-17,1.520416557456073e-16,6.997740321074814e-16,5.575106933813865e-18,2.932943571385719e-17,3.299058348498908e-18,3.7038552286024507e-16,4.409530837022812e-16,3.383411146538235e-17,1.187465549230079e-16,false,300.0
1.2116697094181963e-14,6.297357496358781e-15,1.5688809497207797e-16,5.676295052881841e-15,0.0,2.4848711801617423e-12,2.958605816186097e-15,1.901666646649645e-17,3.8098399905478844e-17,3.246093640110636e-17,6.184504736595708e-17,8.706360109040604e-17,1.2599664059618924e-17,5.999840028389961e-18,8.111387850915923e-17,4.698711244540017e-19,4.698711244540017e-19,2.4095955100205254e-16,5.8650046340303e-17,5.140771113440452e-18,3.4650779945306614e-18,3.4650779945306614e-18,1.6454261095294572e-17,9.622272447464605e-17,3.7725443513477794e-17,1.4822489524281859e-16,6.993479624742232e-16,5.561890178987893e-18,2.880581758631953e-17,3.3432715205249576e-18,3.30419504870336e-16,3.940434676660352e-16,3.330039717197637e-17,1.147596739872751e-16,false,315.0
1.207491684610737e-14,6.290545790810691e-15,1.5566514075649588e-16,5.759727314923359e-15,0.0,2.4840224729109626e-12,3.000967577238544e-15,1.9037665052499327e-17,3.8954594143777845e-17,3.316023528721949e-17,6.144738234616369e-17,8.840567347451825e-17,1.3126353713117012e-17,6.250644625293827e-18,8.343614708882044e-17,4.784161403366472e-19,4.784161403366472e-19,2.4534161042905027e-16,5.764187768431786e-17,5.32781914541211e-18,3.543809493861303e-18,3.543809493861303e-18,1.682334162080757e-17,9.73105028832943e-17,3.8807177041937406e-17,1.50478845701866e-16,6.990760518766173e-16,5.770789736055593e-18,2.8791532909793195e-17,3.5378194120239765e-18,3.3077811141141506e-16,3.9492982695172444e-16,3.427796839576215e-17,1.1687052456249475e-16,false,330.0
1.1027777306731499e-14,6.189176081426679e-15,1.4290593990024019e-16,5.672946901059756e-15,0.0,2.4893324676395075e-12,2.857235754874955e-15,1.744422110714069e-17,3.744881254816704e-17,3.183710125814493e-17,5.904563800680198e-17,8.377783420971626e-17,1.2628654542830563e-17,6.013645020395505e-18,7.81839052710734e-17,4.686429023782045e-19,4.686429023782045e-19,2.403296935272833e-16,5.394857934016556e-17,5.0040916755866145e-18,3.3249906115856743e-18,3.3249906115856743e-18,1.5810491430420207e-17,9.576966724426652e-17,3.7144622420858366e-17,1.4280032600821323e-16,6.98938948610625e-16,5.5697111901380406e-18,2.6292502577393908e-17,3.3438034074873955e-18,3.084632752835203e-16,3.6811411213450125e-16,3.241204366642312e-17,1.082413240751491e-16,false,345.0
1.0971727224088744e-14,6.1857322472033785e-15,1.4180211647669552e-16,5.702144960547247e-15,0.0,2.4904802682069285e-12,2.7692626958736065e-15,1.749950697773318e-17,3.709537458207993e-17,3.1874134530465554e-17,5.661402437469549e-17,8.222823482112539e-17,1.2467387147304386e-17,5.936851022525885e-18,7.828923974498698e-17,4.706813621881859e-19,4.706813621881859e-19,2.413750575324023e-16,5.1817738738347936e-17,5.082558738182054e-18,3.3207289860254173e-18,3.3207289860254173e-18,1.5828597274527862e-17,9.592096195986606e-17,3.7108926777258374e-17,1.4077890035301803e-16,6.994312334151248e-16,5.546931348018572e-18,2.6340308478870146e-17,3.3135445646385e-18,3.033497769986743e-16,3.6195708107055845e-16,3.235112487887047e-17,1.0888638761230758e-16,false,360.0
1.2095207779119532e-14,6.309484960921885e-15,1.5505588327487347e-16,5.865611088159914e-15,0.0,2.492640497305864e-12,2.9530997992912016e-15,1.91408869502644e-17,3.9710119464751755e-17,3.3880635217779885e-17,6.029034545012798e-17,8.843428534286787e-17,1.342174224291976e-17,6.391305829961787e-18,8.479576056239668e-17,4.907469360855213e-19,4.907469360855213e-19,2.5166509542847163e-16,5.620081354676092e-17,5.4072873832197075e-18,3.653762871584676e-18,3.653762871584676e-18,1.7120449641418487e-17,9.853803919676461e-17,3.965801096659761e-17,1.5060901520650424e-16,7.012835152937694e-16,5.913906480677103e-18,2.888436430571546e-17,3.642573868304025e-18,3.2264498132356576e-16,3.848502076862562e-16,3.483770516282616e-17,1.1847250600620355e-16,false,375.0
1.0160517529182201e-14,6.093861990494391e-15,1.3002633919200338e-16,5.5886365932058974e-15,0.0,2.4875195661971884e-12,2.5901707978553794e-15,1.635809249486417e-17,3.5472056736426376e-17,3.064052132140583e-17,5.2955518802861016e-17,7.736551613821545e-17,1.2075575998806477e-17,5.750274285145951e-18,7.372025468777718e-17,4.568666007879961e-19,4.568666007879961e-19,2.3429056450666464e-16,4.8268770864602774e-17,4.777988930176768e-18,3.1611803916828523e-18,3.1611803916828523e-18,1.4961265562625937e-17,9.431507642101586e-17,3.5544085533827196e-17,1.3490890904847832e-16,6.976511376464381e-16,5.385063551667561e-18,2.462610397402143e-17,3.1667548744255508e-18,2.761323859128707e-16,3.299145736907125e-16,2.991526735999407e-17,1.0142199424749384e-16,false,390.0
1.0501512330490135e-14,6.1242578090054904e-15,1.3424096443302389e-16,5.636434554507388e-15,0.0,2.4848104228810493e-12,2.655638110469143e-15,1.6749924049071467e-17,3.585795912836678e-17,3.07804467643726e-17,5.413660826219747e-17,7.865662559505311e-17,1.2310315932335946e-17,5.862055205874247e-18,7.467554341988225e-17,4.575825542354529e-19,4.575825542354529e-19,2.34657720120745e-16,4.9562175981948134e-17,4.851694596705279e-18,3.2298598140857296e-18,3.2298598140857296e-18,1.5211068815918684e-17,9.475539901852648e-17,3.599460606157919e-17,1.3682575416882743e-16,6.977958031366215e-16,5.477188691254742e-18,2.5235330316968608e-17,3.2807586225413215e-18,2.832330592223197e-16,3.3794520563153327e-16,3.032332440635538e-17,1.0430239851346012e-16,false,405.0
1.0189404703650972e-14,6.086887844034554e-15,1.3122009513304403e-16,5.552674602718929e-15,0.0,2.4830160485268525e-12,2.5790997050020712e-15,1.635803722678467e-17,3.5436694385270174e-17,3.0376525620445737e-17,5.2165905627705555e-17,7.689081912070225e-17,1.211108504062166e-17,5.76718335267699e-18,7.373125372956955e-17,4.512573795006607e-19,4.512573795006607e-19,2.314140407695694e-16,4.748115598742774e-17,4.752520260403246e-18,3.1890078092444483e-18,3.1890078092444483e-18,1.4955485868888875e-17,9.404294129274716e-17,3.548686625240725e-17,1.357554123512641e-16,6.965631835030148e-16,5.402921430570928e-18,2.463957786646925e-17,3.2329713741994618e-18,2.7094605114581195e-16,3.2316964190037987e-16,2.99685022888319e-17,1.0302061859340333e-16,false,420.0
1.190419139599908e-14,6.268360733504586e-15,1.5142798454707092e-16,5.6546791701623886e-15,0.0,2.480478571203204e-12,2.7344226293868345e-15,1.9428922593649125e-17,3.743015952481433e-17,3.206994814026565e-17,5.770356267196556e-17,8.390826296626736e-17,1.2987825738882672e-17,6.184678923277468e-18,7.963341224127383e-17,4.703192561707634e-19,4.703192561707634e-19,2.411893621388522e-16,5.415334600909287e-17,5.130175503182015e-18,3.542701652099461e-18,3.542701652099461e-18,1.6471762297905567e-17,9.632637873584006e-17,3.789296998057265e-17,1.4138145033786558e-16,6.973325355057514e-16,5.7377195579559294e-18,2.9667881230125114e-17,3.544428711969571e-18,2.972983292380289e-16,3.5394416011268033e-16,3.1823340255313514e-17,1.2150361649392412e-16,false,435.0
1.0591650704460633e-14,6.112848793791012e-15,1.3564909195968457e-16,5.487686460595848e-15,0.0,2.4735953376433753e-12,2.5594471525980818e-15,1.7207387569847204e-17,3.392550283295168e-17,2.959931326364858e-17,5.032793388034797e-17,7.383432957627772e-17,1.1738899765566657e-17,5.589952269317449e-18,7.041430615217912e-17,4.474557527924391e-19,4.474557527924391e-19,2.294644886115074e-16,4.789981382328325e-17,4.649533671377467e-18,3.138506695781868e-18,3.138506695781868e-18,1.4702297901329512e-17,9.290817059132651e-17,3.447390413228792e-17,1.3354986871921416e-16,6.93694850637637e-16,5.234207722383731e-18,2.628639375589424e-17,3.018932670744464e-18,2.714894674047457e-16,3.2364169314403734e-16,2.7952260792109006e-17,1.0788945475134212e-16,false,450.0
1.1198000209302432e-14,6.160874706750406e-15,1.4364790798819696e-16,5.493290951195915e-15,0.0,2.4644545962691544e-12,2.6357649180158692e-15,1.8216068052538617e-17,3.477005942811807e-17,3.018664997759148e-17,5.367376750706664e-17,7.729205489079397e-17,1.1938911012880456e-17,5.6851957204192666e-18,7.32023827590845e-17,4.537503820165553e-19,4.537503820165553e-19,2.326925035982345e-16,5.05055173927401e-17,4.805416685814219e-18,3.2857273576278628e-18,3.2857273576278628e-18,1.531821902974482e-17,9.36102043556509e-17,3.5453782330365014e-17,1.3595030747277255e-16,6.924369793062753e-16,5.341433543692399e-18,2.7836116729844955e-17,3.1467789994860694e-18,2.8317754593314105e-16,3.374204010749706e-16,2.896088233370917e-17,1.13073546779312e-16,false,465.0
1.189535890792333e-14,6.2041819714600106e-15,1.510749410636039e-16,5.526387714565366e-15,0.0,2.4484576725350104e-12,2.759518840555382e-15,1.9283893107508193e-17,3.6442578425011665e-17,3.1619648900067936e-17,5.694952937713005e-17,8.272853963693397e-17,1.2449234571283534e-17,5.9282069387064516e-18,7.879146560364204e-17,4.642391365516872e-19,4.642391365516872e-19,2.380713520777871e-16,5.3800454614412405e-17,5.028901768958039e-18,3.495950211331415e-18,3.495950211331415e-18,1.6246264726436914e-17,9.489667886942277e-17,3.722268459391533e-17,1.4128296551479279e-16,6.900156406647288e-16,5.528691732296834e-18,2.9451840301003626e-17,3.2994239654484295e-18,3.120291392479382e-16,3.708351421814901e-16,3.177713813374463e-17,1.203112853550472e-16,false,480.0
1.2777207481588128e-14,6.270172275043248e-15,1.6295998981849173e-16,5.534411228395368e-15,0.0,2.4349042104461227e-12,2.9313244329863088e-15,2.0732344384104324e-17,3.787795060584745e-17,3.24482488218365e-17,6.263229705216077e-17,8.837146029151309e-17,1.2828970816905306e-17,6.109033722335878e-18,8.266705919169854e-17,4.660641047074628e-19,4.660641047074628e-19,2.3900723318331375e-16,5.936873495670526e-17,5.092918346406854e-18,3.666745134012107e-18,3.666745134012107e-18,1.7099501102300088e-17,9.568182481971446e-17,3.852512885300409e-17,1.4749891385658423e-16,6.879658144333718e-16,5.659525131761618e-18,3.174447421467516e-17,3.4559951344510927e-18,3.1697303353632706e-16,3.77188690991542e-16,3.3472246859203086e-17,1.267637516423175e-16,false,495.0
1.3202581955926436e-14,6.279007008834539e-15,1.6971008011509292e-16,5.450908777912648e-15,0.0,2.4153446187232266e-12,2.9854266575021113e-15,2.1118044190415148e-17,3.7884673104754534e-17,3.246455553557824e-17,6.226659261412793e-17,8.77071594651632e-17,1.2684916211853763e-17,6.0404362913589275e-18,8.202662484247573e-17,4.665887718092574e-19,4.665887718092574e-19,2.3927629323551497e-16,5.995787393198837e-17,5.145624734878608e-18,3.674598739459293e-18,3.674598739459293e-18,1.7085689385616913e-17,9.486092457160422e-17,3.8236769298627586e-17,1.4892724869116164e-16,6.834835445308536e-16,5.581691981966102e-18,3.243405969906193e-17,3.3684421657851624e-18,3.355842182667347e-16,3.989151588063343e-16,3.294650015220652e-17,1.3046161204905213e-16,false,510.0
1.4634863675462808e-14,6.39723148853907e-15,1.8659054616906937e-16,5.517641037891482e-15,0.0,2.397372318728513e-12,3.2421186125878457e-15,2.3197276405544145e-17,4.066596934682021e-17,3.439012379541082e-17,6.68545257489237e-17,9.474688729486675e-17,1.3518014306459465e-17,6.4371496697425905e-18,8.889522651863536e-17,4.836727946417327e-19,4.836727946417327e-19,2.480373305855041e-16,6.634460786562033e-17,5.479133303933525e-18,3.9696478931159715e-18,3.9696478931159715e-18,1.8449047829698162e-17,9.670947252854581e-17,4.063830992009941e-17,1.5909216313728537e-16,6.812811591906757e-16,5.865894493886343e-18,3.5728851379494446e-17,3.61498909134635e-18,3.796030239420465e-16,4.515711309290983e-16,3.616629023773653e-17,1.4170512762422824e-16,false,525.0
1.576619546220262e-14,6.432087858145962e-15,2.0534435640752056e-16,5.536708412497956e-15,0.0,2.3542059465148954e-12,3.5045174661804673e-15,2.453936482633499e-17,4.17841449275569e-17,3.517749724050144e-17,7.194295892630089e-17,9.964433071484467e-17,1.3695300289067125e-17,6.521571566222429e-18,9.208570253673112e-17,4.913450573815729e-19,4.913450573815729e-19,2.519718242982432e-16,7.193910601686381e-17,5.7178965244216364e-18,4.112323720034573e-18,4.112323720034573e-18,1.91284534345683e-17,9.693676204788046e-17,4.1595325734171734e-17,1.6662217690855924e-16,6.753194196396812e-16,5.900362356554425e-18,3.786501836408921e-17,3.621351427257242e-18,4.1163903220445375e-16,4.892464561335943e-16,3.716183548999111e-17,1.490631981098653e-16,false,540.0
1.8852765897034107e-14,6.706048105132021e-15,2.511681869822791e-16,5.7823122023033e-15,0.0,2.325168078616677e-12,4.058243085495097e-15,2.881231652940592e-17,4.773204000118856e-17,3.919415891142938e-17,8.546721804531301e-17,1.1720653674546176e-16,1.552977071656634e-17,7.395128912650615e-18,1.0741104597723035e-16,5.253059197287364e-19,5.253059197287364e-19,2.693876511429421e-16,8.578036468855676e-17,6.524012527423408e-18,4.7543943669317665e-18,4.7543943669317665e-18,2.2075627894672162e-17,1.0148755279249157e-16,4.6917895902495644e-17,1.8742630029564731e-16,6.731287824384616e-16,6.572604609276052e-18,4.459461853135238e-17,4.259532360126561e-18,4.910511602436088e-16,5.829998935614949e-16,4.240030384447615e-17,1.7376016857788774e-16,false,555.0
2.1771409099219066e-14,6.9883302015105594e-15,2.938222677214622e-16,6.00790458334842e-15,0.0,2.3101320507673974e-12,4.5926327300873444e-15,3.267476533202928e-17,5.2644114083196563e-17,4.2724403070552577e-17,9.710084060185254e-17,1.3258431163877517e-16,1.700087080415411e-17,8.095652763882849e-18,1.2101224358071983e-16,5.558826495811755e-19,5.558826495811755e-19,2.8506802542624465e-16,9.896563384070777e-17,7.31766147798783e-18,5.3245981140051376e-18,5.3245981140051376e-18,2.465625158608648e-17,1.055422673085547e-16,5.1463110890006946e-17,2.0721660624584954e-16,6.733970401496662e-16,7.092081331731088e-18,5.0661812780533896e-17,4.7134008935508616e-18,5.743263549611452e-16,6.817150726522412e-16,4.7786251896125534e-17,1.9565897905594335e-16,false,570.0
2.3665682677812084e-14,7.173857538601879e-15,3.2476282103161565e-16,6.239487674628747e-15,0.0,2.3034461202152574e-12,5.181484517453465e-15,3.396159678181234e-17,5.666316176335828e-17,4.538192989644762e-17,1.0827028021715421e-16,1.4517094611970644e-16,1.8202371791557138e-17,8.667796091217695e-18,1.3055749982277096e-16,5.827098409256055e-19,5.827098409256055e-19,2.9882555944902807e-16,1.0992623264342229e-16,7.96921725563364e-18,5.6952021327395485e-18,5.6952021327395485e-18,2.6235880383485677e-17,1.085729442485682e-16,5.479734273407058e-17,2.228034562319026e-16,6.737365476533116e-16,7.506945415735767e-18,5.245323457980309e-17,5.062758627520903e-18,6.541675536508121e-16,7.76731887543194e-16,5.179562050585899e-17,2.046385827789284e-16,false,585.0
2.558646246119682e-14,7.368860004087777e-15,3.523439627620922e-16,6.248626917837624e-15,0.0,2.2959085358679444e-12,5.397745647041673e-15,3.703973923590715e-17,5.802530801556445e-17,4.631458000645952e-17,1.1338759664598995e-16,1.5040848680018706e-16,1.8511535693257594e-17,8.815016996789295e-18,1.342194065403165e-16,5.867475827235626e-19,5.867475827235626e-19,3.0089619626849303e-16,1.1714852813298037e-16,8.123168334531012e-18,5.9711061812836e-18,5.9711061812836e-18,2.7370431327319488e-17,1.0949425954206444e-16,5.611669651638646e-17,2.30782301466555e-16,6.723004532358051e-16,7.593467334128114e-18,5.760985912600121e-17,5.133404762453539e-18,6.969091170710205e-16,8.265837038075889e-16,5.3157141828807646e-17,2.22742997915402e-16,false,600.0
