t,w_ap,k_1,k_2,k_3,k_4,k_5,k_6,k_7,k_8,k_9,k_10,k_11,k_12,k_13,k_14,k_15,k_16,k_17,k_18,k_19,k_20,k_21,k_22,k_23,k_24,k_25,k_26,k_27,k_28,k_29,k_30,k_31,k_32,k_33,k_34,k_35,k_36,k_37,k_38,k_39,k_40,k_41,k_42,k_43,k_44,k_45,k_46,k_47,k_48,k_49,k_50,k_51,k_52,k_53,k_54,k_55,k_56,k_57,k_58,k_59,k_60,k_61,k_62,k_63,k_64,k_65,k_66,k_67,k_68,k_69,k_70,k_71
-180.0,false,53129.44728201615,15271.69091375663,8.020858360571866e-15,2.1957967173307317e-12,1.0328705449490414e-11,2.0430974515542104e-12,2.006312327230648e8,5.773018413105543e8,1.7341241430833896e-14,3.5513754766323794e-17,9.767427104215173e-20,2.6025932202693843e-11,6.591021809204884e-16,1.235274934503795e-12,8.443147755368195e7,7.278349499381675e-14,6.751357674159423e-15,2.2596750248327528e-13,1.6961963446892271e-12,2.01951196471902e-15,1.1096388841617704e-10,3.0919349500558744e-12,2.2818086508463887e-12,9.588102514648361e-12,9.740765018431309e-12,2.0e-11,8.528541341704816e-12,7.378629554739435e-13,3.2331478414960346e-12,4.0e-12,5.976377959580878e-12,1.5376992062397648e-13,3.3483185879885635e-14,8.828397575647903e-13,2.1540437178973085e6,6.0e-6,0.0004,473.44753768419787,7.764050869846702e-15,5.286644499361255e-15,9.933272451966725e-17,4.592552081171806e-15,0.0,2.2077095588457538e-12,1.9243411007629194e-15,1.3156251525964412e-17,0.04620612029078356,0.06358723185915875,1.0337116357060843e-13,6.411127655407597e-15,4.7277556965563845e-12,4.635635468229873e-13,7.687799612029432e-15,7.680111812417402e-12,5.798827465541671e-12,1.2e-12,2.588186520809694e-13,2.2068917546029036e-13,2.2068917546029036e-13,4.384333494161323e-18,6.0120397929418255e-12,4.008026528627884e-12,2.7506973661126716e-17,2.5218354277955e-17,5.5e-16,8.490271765065607e-12,1.9936466409391166e-17,2.3547312061731142e-14,9656.558343048015,1.5365676011710023,8.966172029191155e-13
-165.0,false,53162.78102412169,15281.272466595537,8.013640861866713e-15,2.196524518688427e-12,1.0329554074254096e-11,2.043606257619397e-12,2.006660273070995e8,5.774178573424797e8,1.7331316641645886e-14,3.547544113722061e-17,9.771097879469709e-20,2.6027183335858075e-11,6.587393553819607e-16,1.235374257061126e-12,8.459764401084195e7,7.27536022569789e-14,6.745164614507483e-15,2.2597931736569176e-13,1.6960777473240312e-12,2.018920502800581e-15,1.1097601223724808e-10,3.096992266748756e-12,2.286249960725601e-12,9.590858571889276e-12,9.743939117246536e-12,2.0e-11,8.529547713053005e-12,7.380673008905297e-13,3.234122908034684e-12,4.0e-12,5.977057054052512e-12,1.5383217478307133e-13,3.347338069033501e-14,8.830114388526782e-13,2.1540435379448617e6,6.0e-6,0.0004,474.3793122103287,9.259572389477969e-15,5.4403375637420485e-15,1.2175542932858482e-16,4.696595726988704e-15,0.0,2.2041802906958016e-12,2.2065562621044572e-15,1.5031732124902356e-17,0.045987005714158403,0.06328939211398231,1.0331516234362611e-13,6.40639445511337e-15,4.729153391304816e-12,4.639357184523099e-13,7.689009187126104e-15,7.681320177938977e-12,5.800966874834325e-12,1.2e-12,2.587598430954057e-13,2.2077442849924824e-13,2.2077442849924824e-13,4.689602141401319e-18,6.012539007907298e-12,4.0083593386048654e-12,3.037330131143045e-17,2.7078249940656824e-17,5.5e-16,8.490772678050347e-12,2.2961054816900856e-17,2.3538618214951883e-14,9653.393025800575,1.5298319169017092,8.964820306694295e-13
-150.0,false,53134.08434210068,15273.02380449768,8.021997938301284e-15,2.195872471924372e-12,1.0328571535496649e-11,2.0431609317949524e-12,2.0064442731683922e8,5.773372994022491e8,1.734280816795798e-14,3.5519804769051467e-17,9.767757568406596e-20,2.6025734768501308e-11,6.591594561975776e-16,1.235276641442663e-12,8.530404525118563e7,7.278821344941582e-14,6.752335512127154e-15,2.2597327187517064e-13,1.6962150611417795e-12,2.0196053327091698e-15,1.1096197529284762e-10,3.1065491831132514e-12,2.2926950519102364e-12,9.588198171211166e-12,9.740668600648623e-12,2.0e-11,8.528382538407471e-12,7.378654165022901e-13,3.232993994380673e-12,4.0e-12,5.9762707996201625e-12,1.5376021837568267e-13,3.348785202892586e-14,8.828457603199024e-13,2.1542443594214073e6,6.0e-6,0.0004,478.3404406608539,1.1071387388964576e-14,5.635045043200362e-15,1.4555944382834362e-16,4.795323706343172e-15,0.0,2.2040352534534977e-12,2.501009355366352e-15,1.7634992331421815e-17,0.0462414694347532,0.06363733713951658,1.0338000382363452e-13,6.411874914957025e-15,4.727535156891935e-12,4.635048413015421e-13,7.687608747950798e-15,7.679921139202848e-12,5.798721205635654e-12,1.2e-12,2.5882793387096063e-13,2.2067572199313262e-13,2.2067572199313262e-13,4.9811781279667335e-18,6.011961016268307e-12,4.0079740108455384e-12,3.364070193931259e-17,2.9065156323464515e-17,5.5e-16,8.490192719342897e-12,2.7027586012054756e-17,2.3548684319627552e-14,9657.95734576207,1.5376937860499467,8.966385361367901e-13
-135.0,false,53198.093488488055,15291.422789416396,8.018940117760975e-15,2.1971412010541443e-12,1.0328930912827579e-11,2.0441008542646038e-12,2.0075332601131743e8,5.776573813914965e8,1.733860397071745e-14,3.550357122759243e-17,9.773896448134673e-20,2.6026264608959773e-11,6.590057627303593e-16,1.235406274799972e-12,8.502114759682535e7,7.277555162900015e-14,6.749711692792338e-15,2.2601674542239698e-13,1.6961648338825967e-12,2.0193547876811843e-15,1.1096710945105817e-10,3.1026365758219027e-12,2.291182970814015e-12,9.592038599767679e-12,9.744050672982534e-12,2.0e-11,8.528808711768626e-12,7.381268322121586e-13,3.233406877123592e-12,4.0e-12,5.976558379883861e-12,1.537871701785268e-13,3.349941147378001e-14,8.830852057454352e-13,2.1552552023683414e6,6.0e-6,0.0004,476.7540986737869,1.3622549239757633e-14,5.906619842979807e-15,1.805201002867282e-16,5.0757177275041474e-15,0.0,2.202196310799712e-12,2.943553899562018e-15,2.1246210970318587e-17,0.04615187424116443,0.06352589535147084,1.0335628170852322e-13,6.409869755836358e-15,4.72812701780744e-12,4.63662400487023e-13,7.688120964084113e-15,7.680432843120028e-12,5.800792841153236e-12,1.2e-12,2.5880302588548155e-13,2.2071182602510467e-13,2.2071182602510467e-13,5.504536386946649e-18,6.012172424748927e-12,4.008114949832618e-12,3.818423942853212e-17,3.271322068183305e-17,5.5e-16,8.490404849178202e-12,3.272850833902601e-17,2.3545001890385987e-14,9661.148067539358,1.5351399215456527,8.965812871713477e-13
-120.0,false,53371.49702625469,15341.266432962455,7.98956785600966e-15,2.2008262487840387e-12,1.0332390591314003e-11,2.0467152264220685e-12,2.0096540195511904e8,5.783325188582796e8,1.7298190273031885e-14,3.5347700807993745e-17,9.792294621407662e-20,2.6031364922467617e-11,6.575282805332284e-16,1.23587576667985e-12,8.545941735051857e7,7.265379304204483e-14,6.724509272290411e-15,2.2609358946176416e-13,1.695681468054679e-12,2.016946294325611e-15,1.110165383328053e-10,3.1192445251331645e-12,2.3071667264577025e-12,9.605267044564484e-12,9.758509180666404e-12,2.0e-11,8.532911757696356e-12,7.390904444273825e-13,3.2373836077534468e-12,4.0e-12,5.9793270734137245e-12,1.5404169052466493e-13,3.3471121121651195e-14,8.839090065085322e-13,2.1560067549630324e6,6.0e-6,0.0004,479.21168607767413,1.3374829205743157e-14,6.0238519460353885e-15,1.782993270524657e-16,5.11340427549813e-15,0.0,2.276025654177335e-12,2.986392295884383e-15,2.085059535564686e-17,0.04526871077883546,0.06233263788262287,1.0312823238163981e-13,6.390601954897161e-15,4.733826614606952e-12,4.651815739163694e-13,7.693052835731309e-15,7.685359782895577e-12,5.8103828860206e-12,1.2e-12,2.585634068252968e-13,2.2105935101322534e-13,2.2105935101322534e-13,5.394876246595639e-18,6.0142076304996124e-12,4.009471753666408e-12,3.752527270903897e-17,3.190285930822233e-17,5.5e-16,8.492446888895044e-12,3.210282885804631e-17,2.3509587610435182e-14,9651.61366753159,1.50811558038567,8.960304476191357e-13
-105.0,false,53437.14209858642,15360.135653440882,7.986935099909196e-15,2.2021186287129613e-12,1.0332701374045065e-11,2.04767442931095e-12,2.010786401292058e8,5.786642249814095e8,1.7294565188500434e-14,3.533373506652045e-17,9.798538096878344e-20,2.6031823048668084e-11,6.573957448285743e-16,1.2360052110139345e-12,8.552718601529524e7,7.264286744516032e-14,6.722250363893937e-15,2.2613896634086562e-13,1.695638061993241e-12,2.016730246893244e-15,1.1102097879378582e-10,3.121231693647776e-12,2.3100530735516887e-12,9.609127586070687e-12,9.761844872389722e-12,2.0e-11,8.53328036342602e-12,7.393519060075604e-13,3.2377410113419504e-12,4.0e-12,5.979575802385149e-12,1.5406518165967815e-13,3.3484264578339036e-14,8.841495152180427e-13,2.157084588788541e6,6.0e-6,0.0004,479.5916972820293,1.4390177968779153e-14,6.245355466435132e-15,1.9274906161305454e-16,5.308123677796593e-15,0.0,2.3327678352938256e-12,3.1702044106158216e-15,2.2316141252941237e-17,0.045193537195226424,0.06224120698250472,1.0310777510285747e-13,6.388874282303731e-15,4.734338771227479e-12,4.653182517230791e-13,7.693495939461178e-15,7.685802443521717e-12,5.8124092814407395e-12,1.2e-12,2.5854189664638974e-13,2.2109056528444253e-13,2.2109056528444253e-13,5.6433094475930055e-18,6.0143904532768744e-12,4.009593635517916e-12,3.9562321031216297e-17,3.38478784069321e-17,5.5e-16,8.492630315775883e-12,3.434246170848291e-17,2.3506409536131264e-14,9655.280087721196,1.5060097222967896,8.959809913262392e-13
-90.0,false,53530.206783014255,15386.886451129858,7.971892992089023e-15,2.204085053221599e-12,1.0334479160898937e-11,2.0490716114372466e-12,2.011946367458374e8,5.790314212202065e8,1.7273845116471858e-14,3.5253960146182583e-17,9.808345448131211e-20,2.603444358226421e-11,6.566381836955192e-16,1.236252357701521e-12,8.555470672485709e7,7.258040705958149e-14,6.709344491890834e-15,2.2618131114807777e-13,1.6953898104537587e-12,2.0154953516175117e-15,1.1104638064361791e-10,3.126396558214837e-12,2.315873683729428e-12,9.61612317916157e-12,9.769424834608091e-12,2.0e-11,8.535389011177032e-12,7.398601769905226e-13,3.2397860377499006e-12,4.0e-12,5.980998674914174e-12,1.5419628601271862e-13,3.347088323278395e-14,8.845848574150109e-13,2.157544979514818e6,6.0e-6,0.0004,479.7460190178902,1.5271721687796603e-14,6.338101724960359e-15,2.0499305903847462e-16,5.372457268952237e-15,0.0,2.3315562924363805e-12,3.331112821862064e-15,2.3476427785644245e-17,0.04474740107822383,0.061638900198166834,1.0299084204000594e-13,6.379001356550983e-15,4.737269001194385e-12,4.661007649458172e-13,7.696030883479266e-15,7.688334852595786e-12,5.817422865911399e-12,1.2e-12,2.5841889765436316e-13,2.2126910965354365e-13,2.2126910965354365e-13,5.794271484300808e-18,6.01543626518003e-12,4.010290843453354e-12,4.1018891956956807e-17,3.4745206116398546e-17,5.5e-16,8.493679552346467e-12,3.615700753527444e-17,2.3488239921727332e-14,9650.715001066257,1.4923526684237212,8.956981649287077e-13
-75.0,false,53531.454848160945,15387.245198794959,7.975814400100891e-15,2.204061943223479e-12,1.0334015347538572e-11,2.0490762023913588e-12,2.0121237676050937e8,5.790737670675302e8,1.727924811420879e-14,3.527475421464763e-17,9.808126112759214e-20,2.6033759919635984e-11,6.568357298387597e-16,1.236232357652449e-12,8.564673777784182e7,7.259669636403187e-14,6.712708947563769e-15,2.2618987196124615e-13,1.6954545700903345e-12,2.0158173684997106e-15,1.110397533225017e-10,3.126762503009033e-12,2.31617590243209e-12,9.61565957288989e-12,9.768485090729945e-12,2.0e-11,8.534838863043092e-12,7.398166861769859e-13,3.23925241269976e-12,4.0e-12,5.980627447420562e-12,1.5416237029371128e-13,3.348236217115458e-14,8.845561161353999e-13,2.1579397281724284e6,6.0e-6,0.0004,480.26208099724386,1.6763771253072216e-14,6.493627543051857e-15,2.190979045672177e-16,5.5615457595423406e-15,0.0,2.3309396009658415e-12,3.637355079045316e-15,2.5988887146835667e-17,0.044865038007957374,0.06180286682042525,1.0302133440669965e-13,6.381575504877627e-15,4.736504438451636e-12,4.658965025148158e-13,7.695369494128826e-15,7.687674124634697e-12,5.816708408052663e-12,1.2e-12,2.5845097963166645e-13,2.2122253056901234e-13,2.2122253056901234e-13,6.168204551441263e-18,6.015163419276075e-12,4.010108946184051e-12,4.3871570937464205e-17,3.677544020288967e-17,5.5e-16,8.493405818059236e-12,4.011586656634807e-17,2.3492978603512412e-14,9654.20912031053,1.4960542264923837,8.957719392497817e-13
-60.0,false,53582.8565797346,15402.020269818338,7.96583365633403e-15,2.2051675665470217e-12,1.0335196332282532e-11,2.0498529271189272e-12,2.0126974620977113e8,5.79261053853971e8,1.7265494534146118e-14,3.5221833281672095e-17,9.813684091137434e-20,2.603550067050679e-11,6.563328623757701e-16,1.2363781673912769e-12,8.602918111102042e7,7.255522835672951e-14,6.704145818691995e-15,2.2620995772946473e-13,1.6952896864593494e-12,2.0149976545062593e-15,1.110566283316366e-10,3.136505094352046e-12,2.3244974589508057e-12,9.619748141260982e-12,9.773094525452575e-12,2.0e-11,8.536239698899996e-12,7.401177999406309e-13,3.2406112813532336e-12,4.0e-12,5.981572697967192e-12,1.5424940094634903e-13,3.347019381619857e-14,8.848104400467585e-13,2.158034170242002e6,6.0e-6,0.0004,482.40662305245087,1.964963449108129e-14,6.814404976437167e-15,2.5759960222188364e-16,5.871577664724048e-15,0.0,2.3365372187628644e-12,4.0896308280843e-15,3.0251338689337365e-17,0.04456967531473214,0.061401941477498945,1.0294371367760279e-13,6.3750233509604044e-15,4.738451323348588e-12,4.664167582230473e-13,7.697053610188497e-15,7.689356556578309e-12,5.819795262526319e-12,1.2e-12,2.583693015717227e-13,2.213411297642023e-13,2.213411297642023e-13,6.808147276909807e-18,6.015858153400835e-12,4.010572102267224e-12,4.947002222991533e-17,4.058815640384796e-17,5.5e-16,8.494102807155601e-12,4.671991029708481e-17,2.3480915035276475e-14,9650.23125279497,1.4869672830090874,8.95584109866013e-13
-45.0,false,53415.97394800683,15354.051015459401,7.997716849932084e-15,2.2015831649468897e-12,1.033142935413553e-11,2.0473312287218634e-12,2.010810250266478e8,5.786472149496973e8,1.7309407999430755e-14,3.5390933838001685e-17,9.795683806158446e-20,2.602994792229625e-11,6.579384019850484e-16,1.235907359220535e-12,8.954128781597796e7,7.268759791125717e-14,6.731501211996402e-15,2.2614354457543256e-13,1.6958157363725093e-12,2.0176148399223824e-15,1.1100280446309762e-10,3.1869961157458424e-12,2.3582704920386933e-12,9.606543880941033e-12,9.758267056891775e-12,2.0e-11,8.531771707161961e-12,7.391467596680935e-13,3.2362783560151127e-12,4.0e-12,5.978557783892615e-12,1.5397201682327694e-13,3.350806684540371e-14,8.839888661092685e-13,2.157671050675494e6,6.0e-6,0.0004,502.1006793419325,1.9307303342637498e-14,6.873754736407334e-15,2.5231747656587695e-16,5.861321227554572e-15,0.0,2.384443222709854e-12,3.9408970256771286e-15,2.9980843054586816e-17,0.04551854788251011,0.06268919433152856,1.0319153542854418e-13,6.395948856477293e-15,4.732242706075977e-12,4.647590553434711e-13,7.69168241276332e-15,7.683990730350557e-12,5.8098775269970984e-12,1.2e-12,2.586299522778826e-13,2.2096280261398212e-13,2.2096280261398212e-13,6.867668199078472e-18,6.01364216814302e-12,4.0090947787620136e-12,4.974586431643359e-17,4.088401046416371e-17,5.5e-16,8.491879547857278e-12,4.628002512244257e-17,2.3519420578406735e-14,9662.64973900036,1.516131223431548,8.961834404337712e-13
-30.0,false,53926.856634347685,15500.900698227098,7.8811566120118e-15,2.2127767203516346e-12,1.034528129255695e-11,2.0551007293687536e-12,2.0157971569293398e8,5.80342800767797e8,1.7148555038529475e-14,3.4773382095313225e-17,9.852434662085167e-20,2.6050362365711e-11,6.5205662449067e-16,1.2374528992743742e-12,8.783263881642908e7,7.2202269671209e-14,6.6315042852237626e-15,2.2630795285797503e-13,1.6938830901316305e-12,2.0080273519909947e-15,1.1120075752696877e-10,3.1951088357759042e-12,2.375430167317577e-12,9.64955430462575e-12,9.808556428743683e-12,2.0e-11,8.54820491014475e-12,7.4235546750836e-13,3.2522321708375466e-12,4.0e-12,5.9896463024536555e-12,1.5499440250280902e-13,3.333669611434042e-14,8.866622509029037e-13,2.1569108096916196e6,6.0e-6,0.0004,492.5194699986677,1.96679669405208e-14,6.8890687792221295e-15,2.60374892605093e-16,5.948073089172002e-15,0.0,2.37353062304845e-12,4.13769261518255e-15,3.0265404427180195e-17,0.04212062974227261,0.05805816232673629,1.0228361147107086e-13,6.319375056392365e-15,4.7550923299869126e-12,4.708799626502232e-13,7.71144220661335e-15,7.703730764406735e-12,5.843922109371202e-12,1.2e-12,2.5767324521759365e-13,2.2235352774214957e-13,2.2235352774214957e-13,6.951758078198188e-18,6.021790835171629e-12,4.014527223447752e-12,5.063220374374658e-17,4.113949140852604e-17,5.5e-16,8.500053796587148e-12,4.67130411901763e-17,2.3378206633908386e-14,9607.75247756158,1.4110883352176833,8.939826255498653e-13
-15.0,false,53942.03477708421,15505.263550023517,7.87479745053971e-15,2.213144213163743e-12,1.0346043431398567e-11,2.0553408984477747e-12,2.015828177176023e8,5.803660584128044e8,1.713975457978242e-14,3.4739742428990657e-17,9.854373952074113e-20,2.6051485246778612e-11,6.517347647961147e-16,1.2375151228468137e-12,8.756698176262721e7,7.217567977340916e-14,6.6260495883537196e-15,2.2630705855583413e-13,1.6937768942323969e-12,2.0075027390576337e-15,1.1121165151697456e-10,3.1925196478191618e-12,2.3738328681331127e-12,9.651229898517677e-12,9.810796096967335e-12,2.0e-11,8.549109349825816e-12,7.424868215217626e-13,3.2531116130155373e-12,4.0e-12,5.990256562017559e-12,1.5505078804109926e-13,3.3323273674365186e-14,8.867661922630571e-13,2.1566084852390387e6,6.0e-6,0.0004,491.0298042764142,2.0997453714454027e-14,7.0547618737302226e-15,2.8363892574190397e-16,6.015149382008984e-15,0.0,2.3849967113075296e-12,4.407095737819513e-15,3.1385500549581045e-17,0.041940541587502204,0.057810196260619895,1.0223392476816575e-13,6.315191602470862e-15,4.756351060350788e-12,4.712187512496826e-13,7.712530100877311e-15,7.704817570776433e-12,5.84549346603895e-12,1.2e-12,2.576207467809068e-13,2.224300093913235e-13,2.224300093913235e-13,6.851577729026987e-18,6.022239181254745e-12,4.014826120836496e-12,5.047633737269709e-17,4.1326149169976174e-17,5.5e-16,8.50050345722851e-12,4.860956499856754e-17,2.3370467115286105e-14,9603.583026872027,1.4054569114249575,8.938617783021366e-13
0.0,true,53832.14394846999,15473.676193958154,7.899256805758283e-15,2.2107457279606713e-12,1.0343115671301258e-11,2.053675884939861e-12,2.0147438062790382e8,5.799988516744382e8,1.7173589799854523e-14,3.486916083477134e-17,9.842210388502422e-20,2.604717150631724e-11,6.529721878225334e-16,1.2371869337615469e-12,8.792067966672704e7,7.227788917815983e-14,6.647030552968547e-15,2.262710811020003e-13,1.6941849253545036e-12,2.0095196834542527e-15,1.1116980364552311e-10,3.1907438390225354e-12,2.37011913145436e-12,9.642054733701387e-12,9.800104690778256e-12,2.0e-11,8.54563509897355e-12,7.418028561965936e-13,3.2497341756138307e-12,4.0e-12,5.987912340884156e-12,1.5483372756059334e-13,3.335888983101896e-14,8.861964883365387e-13,2.1567369982630564e6,6.0e-6,0.0004,493.01315700968433,2.2062001192614923e-14,7.170137957655997e-15,3.0037421647620613e-16,6.1825582424046495e-15,0.0,2.385525687207286e-12,4.5576813045244085e-15,3.286919124974227e-17,0.0426334650638739,0.05875455536571144,1.0242494833022433e-13,6.331279178670559e-15,4.75151651425202e-12,4.699184426395078e-13,7.708351349908183e-15,7.700642998558275e-12,5.8382630903794395e-12,1.2e-12,2.5782249930486247e-13,2.221361840150325e-13,2.221361840150325e-13,7.084291875731228e-18,6.020516859495798e-12,4.013677906330532e-12,5.2571032005150484e-17,4.294115189396888e-17,5.5e-16,8.498776032696295e-12,5.086072461576368e-17,2.3400215621405383e-14,9615.00532503228,1.4269275522503417,8.943261513934444e-13
15.0,true,54145.391077804605,15563.716907414611,7.835490546949826e-15,2.2175069920561187e-12,1.035076927869315e-11,2.0583958201485253e-12,2.01805674353108e8,5.810965936900271e8,1.7085300120125006e-14,3.453193086939298e-17,9.876369817895983e-20,2.605844720745125e-11,6.497430582481475e-16,1.2380875091058819e-12,8.76838038966097e7,7.201106402835706e-14,6.592335213101298e-15,2.2638464253914922e-13,1.6931187210816511e-12,2.004256431748343e-15,1.1127920854612605e-10,3.2075069973179778e-12,2.389429573484346e-12,9.667395041502163e-12,9.829084271141471e-12,2.0e-11,8.554718220559927e-12,7.436799203586336e-13,3.2585686944231434e-12,4.0e-12,5.9940410252569575e-12,1.5540241354060412e-13,3.32737606458586e-14,8.877693537018239e-13,2.1569116479028114e6,6.0e-6,0.0004,491.68488166323186,2.090959148782295e-14,7.008773493973958e-15,2.7946989838244885e-16,6.094999201488088e-15,0.0,2.3674927190478745e-12,4.375135216970299e-15,3.1805289976197376e-17,0.040847607455566017,0.05632500555427967,1.0192644879737482e-13,6.289319574310758e-15,4.7641597236668284e-12,4.733242110721698e-13,7.719277519361368e-15,7.711558241842007e-12,5.857752777339638e-12,1.2e-12,2.5729554097658304e-13,2.229041697988001e-13,2.229041697988001e-13,7.016809701673697e-18,6.025019279821726e-12,4.0166795198811514e-12,5.15729818075102e-17,4.203738003093557e-17,5.5e-16,8.503291490784869e-12,4.9177734249925123e-17,2.332254600966246e-14,9587.450342261394,1.3716277320276964,8.931129954944944e-13
30.0,true,54261.04289957565,15596.960220982792,7.812038152211945e-15,2.219999716898472e-12,1.0353601286342222e-11,2.060133772680398e-12,2.0192720094736996e8,5.814998336427999e8,1.7052762590282933e-14,3.4408039195796807e-17,9.888977581036695e-20,2.6062618594760274e-11,6.485528617744757e-16,1.238418617517871e-12,8.744907440472072e7,7.191263240810967e-14,6.5722211536890046e-15,2.2642621777099851e-13,1.692724571220569e-12,2.0023165635323842e-15,1.113196975948406e-10,3.211117897417084e-12,2.3946504512188385e-12,9.67674014447417e-12,9.839781566807667e-12,2.0e-11,8.55807992346634e-12,7.44372657246797e-13,3.261842090478869e-12,4.0e-12,5.9963092169491915e-12,1.5561361422937182e-13,3.3242145018066926e-14,8.883488343315527e-13,2.156964114581522e6,6.0e-6,0.0004,490.3686415217984,2.3189708214543454e-14,7.231814145359214e-15,3.080706316945686e-16,6.2959487293693415e-15,0.0,2.356774053698603e-12,4.762360678336417e-15,3.528414444314509e-17,0.04020618616079858,0.05545198402739423,1.0174270132995436e-13,6.2738719744771295e-15,4.768842077382369e-12,4.745898213789865e-13,7.723322323085974e-15,7.715599000762888e-12,5.8649488488423705e-12,1.2e-12,2.571009261858534e-13,2.2318824509621264e-13,2.2318824509621264e-13,7.572983467532019e-18,6.02668528604177e-12,4.017790190694514e-12,5.606324232495349e-17,4.521514398926588e-17,5.5e-16,8.504962073687531e-12,5.4622350673983556e-17,2.3293886402628537e-14,9577.225703159402,1.3517192140279746,8.926647447345029e-13
45.0,true,54289.92587202252,15605.26243097074,7.805990819074506e-15,2.2206243907519923e-12,1.0354333040332138e-11,2.060568110356743e-12,2.0195669134350604e8,5.815985325790286e8,1.7044366838776535e-14,3.437610501855228e-17,9.8921434209238e-20,2.6063696350091544e-11,6.482457379261593e-16,1.2385023189436438e-12,8.744429858521006e7,7.188722520987112e-14,6.567034819273841e-15,2.264361793421042e-13,1.6926227604588186e-12,2.0018159964530847e-15,1.113301600329313e-10,3.213043739606045e-12,2.396718551023165e-12,9.679100491122968e-12,9.842504045909918e-12,2.0e-11,8.558948609040454e-12,7.445481113578615e-13,3.2626882822867337e-12,4.0e-12,5.996895326852126e-12,1.5566824211429055e-13,3.3233666784142574e-14,8.884951428297692e-13,2.1569571951805344e6,6.0e-6,0.0004,490.34186122547686,2.2201396533172554e-14,7.125490468864422e-15,2.98532813151537e-16,6.153417056221136e-15,0.0,2.3557930223650345e-12,4.602351722896671e-15,3.328904565585225e-17,0.040042061435604605,0.05522838989582787,1.0169528540818764e-13,6.269887373156857e-15,4.770052294580838e-12,4.749173139546922e-13,7.724367612410259e-15,7.716643244797848e-12,5.866784384134837e-12,1.2e-12,2.5705067283747153e-13,2.2326163799073114e-13,2.2326163799073114e-13,7.182752780381353e-18,6.027115761196499e-12,4.018077174130999e-12,5.331363924776482e-17,4.333629039293027e-17,5.5e-16,8.505393709665148e-12,5.1540469936330676e-17,2.3286488133042363e-14,9574.495135004217,1.3466176810620505,8.925489790664461e-13
60.0,true,54299.22360135279,15607.934998742392,7.80677995878278e-15,2.2207917777899054e-12,1.0354237515856001e-11,2.0606983481839893e-12,2.0197714903660676e8,5.816556487893533e8,1.7045462566920696e-14,3.4380271952632896e-17,9.892920695042721e-20,2.6063555659774158e-11,6.482858209364998e-16,1.2385136873633902e-12,8.701946822686724e7,7.18905412996481e-14,6.56771159952988e-15,2.264448009803021e-13,1.6926360502621202e-12,2.0018813257868756e-15,1.1132879423369015e-10,3.2052223277381896e-12,2.391089757893349e-12,9.679481801990575e-12,9.842674153625341e-12,2.0e-11,8.558835207750474e-12,7.445704133644541e-13,3.2625778098304353e-12,4.0e-12,5.9968188141156174e-12,1.5566126729369672e-13,3.3238773611578293e-14,8.885188572103755e-13,2.1572177152858395e6,6.0e-6,0.0004,487.9596349170125,2.0889729984609397e-14,6.993278272957558e-15,2.7812444239781777e-16,5.960829525963148e-15,0.0,2.361850321009672e-12,4.429651037062427e-15,3.1590265894114684e-17,0.04006419739992561,0.05526086300516516,1.0170147372311501e-13,6.270407370520623e-15,4.769894302325435e-12,4.748745514016589e-13,7.724231154634551e-15,7.716506923479916e-12,5.866845241769715e-12,1.2e-12,2.5705723224054135e-13,2.2325205734811092e-13,2.2325205734811092e-13,6.738852796154413e-18,6.027059566180616e-12,4.018039710787078e-12,5.0308134286695066e-17,4.114561935083861e-17,5.5e-16,8.505337363619776e-12,4.8886899709659585e-17,2.328745375336894e-14,9576.003986166554,1.347350776424509,8.925640900077274e-13
75.0,true,54274.30806033864,15600.77319938662,7.813965763592491e-15,2.2202287445947344e-12,1.035336816677574e-11,2.060316858540324e-12,2.0195960638985726e8,5.815887649502937e8,1.7055438271939835e-14,3.4418219375551735e-17,9.890016138263199e-20,2.6062275240687444e-11,6.486507393097741e-16,1.2384302935596493e-12,8.711335363533635e7,7.192072880552162e-14,6.573874334705697e-15,2.2644010712240037e-13,1.6927570085261765e-12,2.0024760901123433e-15,1.1131636455998607e-10,3.2045117682584993e-12,2.3900179231733348e-12,9.677173738840517e-12,9.839817880698579e-12,2.0e-11,8.557803186350294e-12,7.443944947721238e-13,3.2615725472608545e-12,4.0e-12,5.996122499486553e-12,1.555964884166273e-13,3.3251728730018156e-14,8.883758496432183e-13,2.157412842423468e6,6.0e-6,0.0004,488.4860951514188,2.070516730921355e-14,6.989233217016704e-15,2.778256084900072e-16,6.006176301204071e-15,0.0,2.3698796109151613e-12,4.430297175449512e-15,3.0897829702579763e-17,0.040259911488464625,0.05552917585233821,1.0175781227160982e-13,6.275141965466365e-15,4.76845656157229e-12,4.744855309873785e-13,7.722989332750744e-15,7.715266343417994e-12,5.864880762076075e-12,1.2e-12,2.5711693852716826e-13,2.2316486312041071e-13,2.2316486312041071e-13,6.634636840090142e-18,6.026548146876024e-12,4.017698764584016e-12,4.9430560639798994e-17,4.084147333267873e-17,5.5e-16,8.50482456283669e-12,4.7888643460824895e-17,2.329624392036388e-14,9580.078606915846,1.3534664845400046,8.927016298188386e-13
90.0,true,54203.19187496828,15580.331345433642,7.830588240247842e-15,2.2186692980058253e-12,1.0351360494234264e-11,2.0592409660063033e-12,2.0189376222283027e8,5.813613686593162e8,1.7078501661649568e-14,3.450602740581724e-17,9.882070795302859e-20,2.605931807365445e-11,6.494943833015607e-16,1.2382142777870676e-12,8.72246511043205e7,7.199050190163367e-14,6.588130629367037e-15,2.264189256302108e-13,1.69303642108821e-12,2.0038511204744985e-15,1.1128766081864953e-10,3.2009940671419906e-12,2.385845502097384e-12,9.671124812110492e-12,9.832673441360272e-12,2.0e-11,8.555419983205584e-12,7.439411402232414e-13,3.259251857607804e-12,4.0e-12,5.994514517832264e-12,1.5544687553338225e-13,3.3277495412530185e-14,8.880008668241546e-13,2.1575928874995112e6,6.0e-6,0.0004,489.1101931083392,2.212757038747258e-14,7.191892642641126e-15,2.9585398033758503e-16,6.200517863020812e-15,0.0,2.3947599682399296e-12,4.5355952913934374e-15,3.323351904994245e-17,0.04071481844523167,0.05615035761851994,1.0188805776969854e-13,6.2860912151733815e-15,4.765137039279125e-12,4.735881810877786e-13,7.720121837009453e-15,7.712401715172443e-12,5.860030420174208e-12,1.2e-12,2.572548962449656e-13,2.2296347822984136e-13,2.2296347822984136e-13,7.026734462790108e-18,6.0253670781884155e-12,4.016911385458944e-12,5.2184376494558306e-17,4.276061124673618e-17,5.5e-16,8.50364025563059e-12,5.148111265345711e-17,2.3316559414585896e-14,9588.293427332683,1.3676260077614213,8.930193890595161e-13
105.0,true,54140.67821937159,15562.362228964312,7.843385403719631e-15,2.217320398581071e-12,1.034981801118414e-11,2.0583008172483466e-12,2.0182841783315182e8,5.811441844464285e8,1.709624535595251e-14,3.4573653548938555e-17,9.87524740648943e-20,2.6057045937902575e-11,6.501434066513978e-16,1.2380345684745563e-12,8.722681717651856e7,7.204416334410801e-14,6.599106538248359e-15,2.2639662607147788e-13,1.6932511602737784e-12,2.0049089563927283e-15,1.1126560914946444e-10,3.196818674879942e-12,2.3813712925478858e-12,9.666058722693645e-12,9.826864893661174e-12,2.0e-11,8.55358911913717e-12,7.435654185022222e-13,3.2574697015678983e-12,4.0e-12,5.9932791960791676e-12,1.5533197730569438e-13,3.329487343162909e-14,8.876866617222804e-13,2.157573434657064e6,6.0e-6,0.0004,489.12233930758066,2.089248928552537e-14,7.067113249897663e-15,2.7801050037953835e-16,6.0632541137904e-15,0.0,2.3996129536119405e-12,4.42589792932085e-15,3.135484268842688e-17,0.04106739720877023,0.05663032797911394,1.0198825504284896e-13,6.294517881347998e-15,4.762587421543566e-12,4.728997495985597e-13,7.717919102439243e-15,7.710201183336803e-12,5.8561210907177206e-12,1.2e-12,2.573609568206145e-13,2.2280873758586017e-13,2.2280873758586017e-13,6.619437950509137e-18,6.024459671691266e-12,4.016306447794178e-12,4.9398171391056676e-17,4.093521293573149e-17,5.5e-16,8.5027303153554e-12,4.862538850723031e-17,2.333218240294189e-14,9593.9089534909,1.3785645214828892,8.932636403383559e-13
120.0,true,54083.87599076447,15546.034822547,7.851224965919525e-15,2.2161407142319368e-12,1.034887443961182e-11,2.057459126731901e-12,2.0175378298123023e8,5.809115325774977e8,1.7107109964432454e-14,3.461509227991794e-17,9.86937932832572e-20,2.605565595210384e-11,6.505407962400934e-16,1.2378926787628761e-12,8.680780587112546e7,7.207701291732429e-14,6.605830568857034e-15,2.263688326283296e-13,1.6933825502690268e-12,2.0055566625132103e-15,1.1125212018175103e-10,3.186846646708838e-12,2.3727048848747882e-12,9.661976500907672e-12,9.82256211760745e-12,2.0e-11,8.552469197077498e-12,7.432711608053427e-13,3.256379866197343e-12,4.0e-12,5.992523556737104e-12,1.5526152936277697e-13,3.329978772364898e-14,8.874333058727056e-13,2.15719085818998e6,6.0e-6,0.0004,486.77274320257266,2.0598861730676953e-14,7.028113681953455e-15,2.741315241142648e-16,6.078695592184977e-15,0.0,2.3954519824882114e-12,4.37366073437719e-15,3.1239470006813244e-17,0.04128350002753983,0.05692108431239228,1.0204960390570613e-13,6.299678850233735e-15,4.761028085269198e-12,4.724790473105448e-13,7.716571788211769e-15,7.708855216423556e-12,5.853300999274095e-12,1.2e-12,2.574258658104306e-13,2.2271407161342228e-13,2.2271407161342228e-13,6.806351582741866e-18,6.023904591438519e-12,4.015936394292346e-12,5.035403842527956e-17,4.110266061208808e-17,5.5e-16,8.502173665577897e-12,4.8362002362676094e-17,2.3341745644872935e-14,9595.697278986661,1.3851994321050713,8.934131052213278e-13
135.0,true,54110.15582577262,15553.588778743437,7.843689945894188e-15,2.216734377261064e-12,1.0349781337205278e-11,2.057862194442995e-12,2.017727336864068e8,5.809831577908446e8,1.7096667485387454e-14,3.4575263158619836e-17,9.87243668707385e-20,2.605699191403766e-11,6.501588468578081e-16,1.2379805467350889e-12,8.663843774213791e7,7.204543977921435e-14,6.599367743116481e-15,2.2637399699427308e-13,1.6932562666199882e-12,2.004934122342161e-15,1.1126508486357105e-10,3.1863166871717666e-12,2.37287930430218e-12,9.664403005324328e-12,9.825556564210592e-12,2.0e-11,8.553545590077959e-12,7.434558554343587e-13,3.257427337769871e-12,4.0e-12,5.993249826005844e-12,1.5532889706594672e-13,3.328635684144028e-14,8.875837853046231e-13,2.156994303596453e6,6.0e-6,0.0004,485.8230153764742,2.0189385910031998e-14,6.851049732577385e-15,2.6763432391349934e-16,5.8701610295919685e-15,0.0,2.32674314299619e-12,4.187631146073742e-15,3.075950228196894e-17,0.04107410252670661,0.05663416698784547,1.0199063870751498e-13,6.2947183859432e-15,4.762526809949116e-12,4.728833920329524e-13,7.717866734017369e-15,7.710148867283351e-12,5.855359001413374e-12,1.2e-12,2.573634792346346e-13,2.2280505829357304e-13,2.2280505829357304e-13,6.592044649032773e-18,6.02443809726963e-12,4.016292064846421e-12,4.9175086171623355e-17,4.012596718412573e-17,5.5e-16,8.502708680208031e-12,4.7606440367351827e-17,2.33325540098403e-14,9591.46936277455,1.3786699203772776,8.932694488973021e-13
150.0,true,54045.67705169869,15535.054802605338,7.85436122948029e-15,2.2153732170167425e-12,1.0348497246081565e-11,2.056900179745876e-12,2.0169502068817014e8,5.80735244557898e8,1.7111455309567503e-14,3.463167239799632e-17,9.865619180895209e-20,2.6055100289400027e-11,6.506997311539558e-16,1.2378093211502806e-12,8.633811349944685e7,7.209014959034117e-14,6.608520593876766e-15,2.2634591172591175e-13,1.693435079734475e-12,2.005815711996646e-15,1.1124672806902669e-10,3.1775341504278386e-12,2.364938882313196e-12,9.659524020744223e-12,9.820216540979295e-12,2.0e-11,8.552021519751612e-12,7.430997581740603e-13,3.2559442778171304e-12,4.0e-12,5.992221496655986e-12,1.552331941581522e-13,3.329697615641037e-14,8.872810037308345e-13,2.156728553537723e6,6.0e-6,0.0004,484.13895420250566,1.9598510035997966e-14,6.656406711150265e-15,2.586805635379925e-16,5.739042789686815e-15,0.0,2.260707330561504e-12,4.14323555072339e-15,3.0099997302457827e-17,0.04136928562451586,0.057033633575590006,1.020741400544276e-13,6.3017432673314215e-15,4.760404807741779e-12,4.723109617878452e-13,7.71603322965745e-15,7.708317196427793e-12,5.851815954029585e-12,1.2e-12,2.574518194697851e-13,2.2267622718726563e-13,2.2267622718726563e-13,6.612058204406106e-18,6.023682697790892e-12,4.015788465193928e-12,4.937992977451418e-17,4.0137535534816507e-17,5.5e-16,8.501951140357782e-12,4.662110619941995e-17,2.3345569899476994e-14,9595.035912838002,1.3877769574484902,8.934728647441142e-13
165.0,true,54065.895977444285,15540.866592495711,7.845294006812787e-15,2.2158700546179542e-12,1.0349588196511453e-11,2.0572218011078237e-12,2.0169659423537436e8,5.807602904800581e8,1.709889079432402e-14,3.4583741375161834e-17,9.868257753254941e-20,2.6056707400190514e-11,6.502401684731394e-16,1.2378955417228423e-12,8.61690920447973e7,7.2052162474515e-14,6.600743544386337e-15,2.2634346059342566e-13,1.6932831593529092e-12,2.0050666683165644e-15,1.1126232376227833e-10,3.177497291960328e-12,2.365344995044169e-12,9.661840805696764e-12,9.823359728588264e-12,2.0e-11,8.553316348739923e-12,7.432824585905578e-13,3.2572042386943372e-12,4.0e-12,5.9930951514274205e-12,1.553140799569279e-13,3.327732049694193e-14,8.874246188630586e-13,2.156265327781637e6,6.0e-6,0.0004,483.1911703446577,1.9629567961624012e-14,6.586874740232103e-15,2.6019622586511265e-16,5.631739710988458e-15,0.0,2.223760798044996e-12,4.132176611840935e-15,2.986865028230666e-17,0.04111631871127677,0.05668498028890196,1.020031931531577e-13,6.2957744451176185e-15,4.762207609738779e-12,4.727972542427792e-13,7.717590942545817e-15,7.709873351603271e-12,5.854029193812066e-12,1.2e-12,2.5737676388983833e-13,2.2278568143863387e-13,2.2278568143863387e-13,6.517914595343366e-18,6.024324477248006e-12,4.016216318165337e-12,4.8245729489181114e-17,3.905590197321453e-17,5.5e-16,8.50259474000895e-12,4.626046219109247e-17,2.3334511168431016e-14,9588.941684692498,1.3798501293617496,8.933000401899048e-13
180.0,true,54018.181948932805,15527.151526125655,7.852647244937694e-15,2.2148691324290752e-12,1.0348703363959532e-11,2.056511475269557e-12,2.0163688072131592e8,5.805717186537545e8,1.7109080633878314e-14,3.462261111288573e-17,9.863259150052581e-20,2.6055403933023148e-11,6.50612875441747e-16,1.2377718512896785e-12,8.647002744051662e7,7.208297068287751e-14,6.607050478460368e-15,2.2632159061369594e-13,1.6934063745029734e-12,2.005674144988594e-15,1.1124967458775989e-10,3.180419783635277e-12,2.3664827119775157e-12,9.658303825365484e-12,9.819546650628242e-12,2.0e-11,8.552266152706202e-12,7.430256231844324e-13,3.2561823003806627e-12,4.0e-12,5.992386557243877e-12,1.5524809389030448e-13,3.328361540975255e-14,8.872050830682072e-13,2.1560161783937435e6,6.0e-6,0.0004,484.87865854495294,1.937571365600595e-14,6.575379475578642e-15,2.62221338742329e-16,5.5948359985056095e-15,0.0,2.2313283900110524e-12,4.023527392889066e-15,2.9178174772075666e-17,0.04131950558125663,0.05695931115712491,1.0206073140338608e-13,6.3006150708732054e-15,4.7607453936824174e-12,4.724028059235741e-13,7.716327523429823e-15,7.708611195906393e-12,5.8515114752093e-12,1.2e-12,2.5743763661859413e-13,2.226969074364166e-13,2.226969074364166e-13,6.4488914847946374e-18,6.023803951842442e-12,4.015869301228295e-12,4.723632642498862e-17,3.8551344136950317e-17,5.5e-16,8.502072739826923e-12,4.523582550951901e-17,2.3343480035839314e-14,9591.104518238197,1.3861065508564951,8.934402083126481e-13
195.0,true,54049.81029562635,15536.242874888483,7.84929502318473e-15,2.2155140429528376e-12,1.034910663254789e-11,2.0569770895761764e-12,2.0168254065575504e8,5.807107699738523e8,1.710443568269271e-14,3.46048901322989e-17,9.86643945884513e-20,2.6055998002982967e-11,6.50442981209751e-16,1.237845201937056e-12,8.619598499257241e7,7.206892766760441e-14,6.6041752354897746e-15,2.2633908856364014e-13,1.693350215923071e-12,2.0053972332158565e-15,1.1125543949277134e-10,3.1766715232691166e-12,2.3643823485129734e-12,9.660439169588196e-12,9.821683422073306e-12,2.0e-11,8.552744781994143e-12,7.431769738980722e-13,3.2566480269383947e-12,4.0e-12,5.992709501092779e-12,1.5527828162479475e-13,3.328379050589761e-14,8.873376723458708e-13,2.1563269548165402e6,6.0e-6,0.0004,483.3419719209667,1.8686411225049116e-14,6.614526263137361e-15,2.514700762208733e-16,5.721295450551002e-15,0.0,2.289701588683777e-12,3.942482624808677e-15,2.8336126895553965e-17,0.041227362949568525,0.056836724549526776,1.020345033114397e-13,6.298408409284065e-15,4.761411782131542e-12,4.725825431803274e-13,7.716903323220692e-15,7.70918641989747e-12,5.852887068652268e-12,1.2e-12,2.574098910183515e-13,2.2273736743824865e-13,2.2273736743824865e-13,6.264231636318417e-18,6.024041184856863e-12,4.016027456571243e-12,4.608916548438383e-17,3.776287547276741e-17,5.5e-16,8.502310646600112e-12,4.3871650816587206e-17,2.333939188959128e-14,9590.995936994976,1.3833048729079198,8.933763215022315e-13
210.0,true,53979.191212752914,15515.943909598453,7.860081107289892e-15,2.2140335875546546e-12,1.0347809748328172e-11,2.0559257614442183e-12,2.0159369440134144e8,5.804305759159057e8,1.7119378668761426e-14,3.466191440043909e-17,9.85904970088341e-20,2.6054087480368617e-11,6.509895311910619e-16,1.2376626130637437e-12,8.577621389431122e7,7.211410074676926e-14,6.613426681180932e-15,2.2630649204215637e-13,1.6935308325129311e-12,2.006288061439519e-15,1.1123690021622226e-10,3.165771102274386e-12,2.3547398574494667e-12,9.655217393261849e-12,9.816065819052123e-12,2.0e-11,8.551205571901499e-12,7.427980825690547e-13,3.2551504548148085e-12,4.0e-12,5.991670952918467e-12,1.5518160542813933e-13,3.329279977668728e-14,8.87013520051848e-13,2.155947516359488e6,6.0e-6,0.0004,480.9881152952031,1.9786931025532774e-14,7.0131338665498984e-15,2.6538779249896596e-16,6.187721802683713e-15,0.0,2.4318073216753882e-12,4.17261701114525e-15,2.999035065757071e-17,0.041526293126177796,0.05724017377360448,1.021188787321822e-13,6.305507943933078e-15,4.759268881713851e-12,4.720047310668607e-13,7.715051663588571e-15,7.707336611924982e-12,5.84918034907443e-12,1.2e-12,2.574991334828024e-13,2.2260724705789925e-13,2.2260724705789925e-13,6.754274792888474e-18,6.023278260046038e-12,4.015518840030692e-12,4.866001837751016e-17,4.048085151725107e-17,5.5e-16,8.501545545363965e-12,4.636804336154816e-17,2.3352542208149444e-14,9594.103655460825,1.3925041377198397,8.935818022703373e-13
225.0,true,53932.51408675402,15502.526893659739,7.8687520844702e-15,2.2130358927588598e-12,1.0346768585172796e-11,2.055225019780924e-12,2.0154099941853192e8,5.802592898930053e8,1.7131385983917955e-14,3.470776773824227e-17,9.854030413683486e-20,2.6052553604822567e-11,6.514286937971948e-16,1.2375330644149227e-12,8.506791902843265e7,7.21503911384162e-14,6.620864135016249e-15,2.2628792856657543e-13,1.6936758652496624e-12,2.0070038633783838e-15,1.1122201708922895e-10,3.1505080478130663e-12,2.3423820257712756e-12,9.651553775249866e-12,9.811958618483256e-12,2.0e-11,8.549969925844857e-12,7.425285621247794e-13,3.2539485382447116e-12,4.0e-12,5.9908372228943435e-12,1.5510417650430428e-13,3.330311069526493e-14,8.86786083999095e-13,2.155842000707357e6,6.0e-6,0.0004,477.0163683837345,1.82589098606273e-14,6.871080445396311e-15,2.4034004578247396e-16,6.061363871033718e-15,0.0,2.443489045180534e-12,3.95752641393289e-15,2.787678559523352e-17,0.04176847292699043,0.05756884627285541,1.0218667506484667e-13,6.31121402014383e-15,4.757548855445864e-12,4.71541294801309e-13,7.713565269888131e-15,7.705851704618243e-12,5.846434739224082e-12,1.2e-12,2.5757080950715633e-13,2.225027760145101e-13,2.225027760145101e-13,6.446889756324453e-18,6.022665770329047e-12,4.0151105135526985e-12,4.5722661144633065e-17,3.816568442449871e-17,5.5e-16,8.50093128807263e-12,4.313500831398446e-17,2.336310608772929e-14,9597.485923700206,1.3999889578879003,8.937468189574904e-13
240.0,true,53865.87720879437,15483.372585536492,7.879888702105137e-15,2.2116262503074836e-12,1.034543319665671e-11,2.0542282575454204e-12,2.0146067968547752e8,5.800029530542969e8,1.7146800581386675e-14,3.4766674479967283e-17,9.846972719176292e-20,2.605058617312711e-11,6.519924591297988e-16,1.2373550323713686e-12,8.434685986715981e7,7.219696902381913e-14,6.630416703532297e-15,2.262589182588378e-13,1.6938619227638668e-12,2.0079227658912298e-15,1.1120292881854828e-10,3.1342834806859614e-12,2.3288899589635946e-12,9.64649333035987e-12,9.80641497603907e-12,2.0e-11,8.548385174318041e-12,7.421592220304522e-13,3.2524074412014188e-12,4.0e-12,5.989767933680877e-12,1.550048681400447e-13,3.3314233891106543e-14,8.864718231046149e-13,2.1555702814466627e6,6.0e-6,0.0004,472.9730459840737,1.6026437712248593e-14,6.652082558024334e-15,2.105518141452551e-16,6.038601854470237e-15,0.0,2.455348503375849e-12,3.815956178280509e-15,2.4036298732070596e-17,0.04208077659801256,0.05799137029644694,1.0227370605180083e-13,6.318540994405614e-15,4.755343198425159e-12,4.709474707734402e-13,7.71165903211914e-15,7.70394737308702e-12,5.842755447437048e-12,1.2e-12,2.57662780439936e-13,2.2236877182424647e-13,2.2236877182424647e-13,6.265340897190272e-18,6.021880196299876e-12,4.014586797533251e-12,4.431265566831654e-17,3.724280268431517e-17,5.5e-16,8.500143420497007e-12,3.6728659792035714e-17,2.3376663798048088e-14,9601.218795530995,1.4096112717082705,8.9395853712092e-13
255.0,true,53810.61720736459,15467.488481618571,7.892545498705739e-15,2.2104153057347393e-12,1.034391802209584e-11,2.053389227120022e-12,2.0140750307344916e8,5.798213983054762e8,1.7164309687669564e-14,3.4833642272701096e-17,9.840823147116884e-20,2.6048353734538658e-11,6.526328044558354e-16,1.2371878478400534e-12,8.289401939989783e7,7.224986148798698e-14,6.641273542198805e-15,2.2624149839977062e-13,1.6940730834195163e-12,2.008966499496228e-15,1.1118127163956174e-10,3.1048134182530257e-12,2.305821301038919e-12,9.641828521508774e-12,9.800945643175375e-12,2.0e-11,8.546587172549375e-12,7.41810749002831e-13,3.250659506297611e-12,4.0e-12,5.988554747920469e-12,1.5489254749697107e-13,3.3333138401132026e-14,8.861821490098025e-13,2.155667950010721e6,6.0e-6,0.0004,464.8262770087728,1.4955124830813163e-14,6.552008918116597e-15,1.9565890483502304e-16,5.9418079885603026e-15,0.0,2.461837158635853e-12,3.589942190895464e-15,2.2739985961216308e-17,0.042439246088098695,0.058480129803880676,1.0237255758750749e-13,6.326865863217229e-15,4.752841183757033e-12,4.702744823227967e-13,7.709496426323159e-15,7.701786929896836e-12,5.839049988123231e-12,1.2e-12,2.5776718776108036e-13,2.222167122548026e-13,2.222167122548026e-13,6.086859581480705e-18,6.0209888601637495e-12,4.0139925734425e-12,4.3014751652663186e-17,3.637743865104466e-17,5.5e-16,8.499249446002502e-12,3.465217984348984e-17,2.339205845967707e-14,9607.265883188247,1.4207233435415914,8.941988531746901e-13
270.0,true,53797.33730930226,15463.671267080323,7.89686823825045e-15,2.2101087158473683e-12,1.0343401144249282e-11,2.053183087380745e-12,2.013997751560944e8,5.797894419063689e8,1.71702873186389e-14,3.485651901931797e-17,9.839234612768019e-20,2.60475921423738e-11,6.528514134478042e-16,1.2371403865007248e-12,8.110615215485668e7,7.22679155520279e-14,6.644981610512825e-15,2.262398073953695e-13,1.6941451306365503e-12,2.009322824745247e-15,1.1117388387466011e-10,3.0721503979918157e-12,2.2812864330245468e-12,9.64053262921448e-12,9.799305006933789e-12,2.0e-11,8.545973838948986e-12,7.417112319020942e-13,3.2500633823104186e-12,4.0e-12,5.988140904346514e-12,1.548543254235995e-13,3.334131398490555e-14,8.861016950125382e-13,2.15581271339725e6,6.0e-6,0.0004,454.80085320480373,1.470944865094539e-14,6.545291002962149e-15,1.9108570152207537e-16,5.960247208895618e-15,0.0,2.470819000905354e-12,3.4872367679411594e-15,2.257466568742036e-17,0.042562583916399395,0.05864934094063111,1.0240630439243114e-13,6.329708548157585e-15,4.751987805620017e-12,4.700450932948861e-13,7.708758753838867e-15,7.701049995085029e-12,5.837914653465449e-12,1.2e-12,2.5780281784465005e-13,2.2216483609837504e-13,2.2216483609837504e-13,6.089178214945594e-18,6.020684795250637e-12,4.013789863500425e-12,4.3084011223568366e-17,3.622144342843608e-17,5.5e-16,8.498944472292817e-12,3.4330023232965485e-17,2.3397312940028583e-14,9609.826588771155,1.4245654526372866,8.942808560285091e-13
285.0,true,53723.89362387562,15442.560389388536,7.92008968712742e-15,2.208421466415125e-12,1.0340629787269235e-11,2.052044917269511e-12,2.0135408446508765e8,5.796058574149824e8,1.7202378361408946e-14,3.497945390408107e-17,9.830512649330171e-20,2.60435084251357e-11,6.540249709780711e-16,1.2368817244498145e-12,7.945226337892298e7,7.236480886409928e-14,6.664901763357773e-15,2.2622900251852135e-13,1.6945315417064938e-12,2.011235706766628e-15,1.1113427478587776e-10,3.0362234654354808e-12,2.253091256481138e-12,9.633463021193901e-12,9.790415267357068e-12,2.0e-11,8.542685540724657e-12,7.411697338135054e-13,3.2468684856598578e-12,4.0e-12,5.985922123906154e-12,1.5464959808363424e-13,3.33844850638137e-14,8.856626616395579e-13,2.1565436208815e6,6.0e-6,0.0004,445.5267105360167,1.3840795132258294e-14,6.4622211973710004e-15,1.8013720237456795e-16,5.846174039897412e-15,0.0,2.4758999236334378e-12,3.325060265562669e-15,2.12824358222289e-17,0.04322998310393434,0.05956450426913446,1.0258746412770663e-13,6.344974470448932e-15,4.7474134820142875e-12,4.688168220626987e-13,7.704804131859853e-15,7.697099327727993e-12,5.831773853089401e-12,1.2e-12,2.579939709702395e-13,2.2188666052856036e-13,2.2188666052856036e-13,5.899155671211883e-18,6.019054485497768e-12,4.012702990331845e-12,4.068199382961365e-17,3.4513819473686347e-17,5.5e-16,8.497309213783306e-12,3.234908550925638e-17,2.342551064108493e-14,9623.366897860831,1.4453339686918567,8.947207310064189e-13
300.0,true,53701.57979141759,15436.146433101894,7.92943629322326e-15,2.2078811678339905e-12,1.0339516821123473e-11,2.0516910556102474e-12,2.0134916790876308e8,5.795707996591806e8,1.72152852973178e-14,3.5028955315534374e-17,9.827667122715907e-20,2.604186829243851e-11,6.54496949266042e-16,1.2367901328201163e-12,7.784627222588682e7,7.240376470920884e-14,6.6729199219400626e-15,2.2623014895871251e-13,1.6946867768399801e-12,2.0120050357995668e-15,1.111183689156228e-10,3.0054606397001926e-12,2.2298089959494072e-12,9.631004656047876e-12,9.78713515385601e-12,2.0e-11,8.541365081165396e-12,7.409772224427007e-13,3.2455860709361544e-12,4.0e-12,5.985031134430376e-12,1.5456757815274274e-13,3.3404069968716756e-14,8.855099979576609e-13,2.1569811801316636e6,6.0e-6,0.0004,436.5211526685242,1.2779439844958306e-14,6.358786414491286e-15,1.6728333629028604e-16,5.783991620670064e-15,0.0,2.4810533441728714e-12,3.1992584871190797e-15,1.933779102924185e-17,0.04350144487412409,0.05993811360607467,1.0266032101928524e-13,6.3511167163013195e-15,4.745577047440468e-12,4.683243349811214e-13,7.703216243974374e-15,7.695513027730399e-12,5.82947346249577e-12,1.2e-12,2.580707916310219e-13,2.2177493211507612e-13,2.2177493211507612e-13,5.575106933813865e-18,6.018399760772713e-12,4.012266507181809e-12,3.856819354045322e-17,3.317303426982134e-17,5.5e-16,8.496652465577643e-12,2.932943571385719e-17,2.3436846418801583e-14,9629.453460538913,1.4538019120587562,8.948974771616936e-13
315.0,true,53638.78656738689,15418.096956626352,7.944997240645107e-15,2.2064903989352187e-12,1.0337667041654267e-11,2.050731826382433e-12,2.012927536820714e8,5.793736762300824e8,1.7236761474819907e-14,3.5111394825208373e-17,9.820585322178483e-20,2.6039142186029166e-11,6.552822559635551e-16,1.2365931693195658e-12,7.660384777296194e7,7.246856604959315e-14,6.686269574955964e-15,2.2621235164783584e-13,1.6949448502154814e-12,2.013285107630663e-15,1.1109193418339112e-10,2.9793254579911364e-12,2.2091413222996883e-12,9.625549904616298e-12,9.780639747193249e-12,2.0e-11,8.539170579244027e-12,7.405676460794871e-13,3.2434554786646135e-12,4.0e-12,5.983550367371579e-12,1.5443109250049467e-13,3.34286391775642e-14,8.851709834916049e-13,2.1571917228241917e6,6.0e-6,0.0004,429.55428657735666,1.2116697094181963e-14,6.297357496358781e-15,1.5688809497207797e-16,5.676295052881841e-15,0.0,2.4848711801617423e-12,2.958605816186097e-15,1.901666646649645e-17,0.043954812391283404,0.0605570589790476,1.0278154297847664e-13,6.3613399152523055e-15,4.742525600143053e-12,4.67506798188838e-13,7.70057747780246e-15,7.692876900324658e-12,5.825053114897988e-12,1.2e-12,2.58198538533319e-13,2.215892184874193e-13,2.215892184874193e-13,5.561890178987893e-18,6.017311592446097e-12,4.011541061630731e-12,3.8098399905478844e-17,3.246093640110636e-17,5.5e-16,8.495560888423715e-12,2.880581758631953e-17,2.345570162277001e-14,9637.269788458716,1.4678392894427483,8.951913533452013e-13
330.0,true,53558.55026612379,15395.03358865174,7.960637896241591e-15,2.2047638988769188e-12,1.0335811766758037e-11,2.0495197190612788e-12,2.012036701478205e8,5.790824397127894e8,1.725833223373432e-14,3.5194289006319616e-17,9.811901078200039e-20,2.6036407777457576e-11,6.560709835720025e-16,1.236365312925357e-12,7.564692871424878e7,7.253362982503825e-14,6.699688120799194e-15,2.261812245340023e-13,1.6952037761646928e-12,2.014570774327087e-15,1.1106542248424288e-10,2.9582482705996807e-12,2.191886955043907e-12,9.619156692493288e-12,9.773421651542635e-12,2.0e-11,8.536969729805622e-12,7.400965174697976e-13,3.241319578998539e-12,4.0e-12,5.982065303092318e-12,1.5429417298585583e-13,3.344789994443655e-14,8.847734131979927e-13,2.1570544452299937e6,6.0e-6,0.0004,424.1883853135445,1.207491684610737e-14,6.290545790810691e-15,1.5566514075649588e-16,5.759727314923359e-15,0.0,2.4840224729109626e-12,3.000967577238544e-15,1.9037665052499327e-17,0.04441322593242427,0.06117941367462769,1.0290329067724457e-13,6.371611857320173e-15,4.7394660362896945e-12,4.66688072876217e-13,7.697931306114943e-15,7.690233374808829e-12,5.8202172020939245e-12,1.2e-12,2.5832675145053104e-13,2.214029304985561e-13,2.214029304985561e-13,5.770789736055593e-18,6.016220193409552e-12,4.010813462273035e-12,3.8954594143777845e-17,3.316023528721949e-17,5.5e-16,8.49446601304078e-12,2.8791532909793195e-17,2.3474631473044647e-14,9643.55905656664,1.4819558449205195,8.954862523794653e-13
345.0,true,53528.86525525361,15386.500838284988,7.968215084604399e-15,2.20410346611772e-12,1.0334914400005522e-11,2.0490648397514815e-12,2.0117767273178568e8,5.789907704736899e8,1.7268776739404903e-14,3.52344591390994e-17,9.808535710461399e-20,2.6035085114757663e-11,6.564528699171686e-16,1.2362708239625946e-12,7.435113343661404e7,7.256512528283001e-14,6.706188981894742e-15,2.2617314858020028e-13,1.695329045371476e-12,2.015193275633764e-15,1.1105259976308745e-10,2.933674982430715e-12,2.173084591126689e-12,9.616549103275428e-12,9.770299698535235e-12,2.0e-11,8.535905276006121e-12,7.399003909132403e-13,3.2402868458063897e-12,4.0e-12,5.9813470379155065e-12,1.5422812011082726e-13,3.346006246127114e-14,8.846112589261945e-13,2.1571712108309167e6,6.0e-6,0.0004,416.9222435697983,1.1027777306731499e-14,6.189176081426679e-15,1.4290593990024019e-16,5.672946901059756e-15,0.0,2.4893324676395075e-12,2.857235754874955e-15,1.744422110714069e-17,0.04463728549978877,0.06148538848058165,1.0296223767578862e-13,6.376586843729969e-15,4.737986515430148e-12,4.662925137885516e-13,7.696651551167042e-15,7.688954899615875e-12,5.818089304574317e-12,1.2e-12,2.583887970898381e-13,2.2131281783795285e-13,2.2131281783795285e-13,5.5697111901380406e-18,6.015692301923627e-12,4.0104615346157524e-12,3.744881254816704e-17,3.183710125814493e-17,5.5e-16,8.493936419474136e-12,2.6292502577393908e-17,2.3483794239648745e-14,9647.422137129099,1.488886635155887,8.956289441756769e-13
360.0,true,53505.694177762736,15379.840472862757,7.977149946627694e-15,2.203551692697426e-12,1.033385743957335e-11,2.048699320059891e-12,2.011691973729967e8,5.789465355445623e8,1.7281088037264735e-14,3.528183668799467e-17,9.805652310602373e-20,2.6033527159799623e-11,6.569030011598902e-16,1.2361799723668808e-12,7.3289110416813e7,7.260224315380487e-14,6.713854815535682e-15,2.261726818249152e-13,1.6954766191142166e-12,2.015927026709731e-15,1.1103749703473574e-10,2.912829393207589e-12,2.1571852177661392e-12,9.614105808959909e-12,9.767101120643831e-12,2.0e-11,8.534651564357841e-12,7.39710505279289e-13,3.2390707515295497e-12,4.0e-12,5.980501062309997e-12,1.5415051385433617e-13,3.34780802515054e-14,8.844593641122104e-13,2.1575462611607853e6,6.0e-6,0.0004,410.9669742998859,1.0971727224088744e-14,6.1857322472033785e-15,1.4180211647669552e-16,5.702144960547247e-15,0.0,2.4904802682069285e-12,2.7692626958736065e-15,1.749950697773318e-17,0.044903440335654424,0.06185119515630654,1.0303171808311187e-13,6.382452152075155e-15,4.736244152174561e-12,4.658269778501542e-13,7.695144326461708e-15,7.687449182135247e-12,5.815856639111421e-12,1.2e-12,2.584619033654613e-13,2.2120667212360677e-13,2.2120667212360677e-13,5.546931348018572e-18,6.015070527325547e-12,4.010047018217032e-12,3.709537458207993e-17,3.1874134530465554e-17,5.5e-16,8.493312622833392e-12,2.6340308478870146e-17,2.349459218205531e-14,9653.037251001813,1.4971619371937002,8.957970582900347e-13
375.0,true,53464.72636921874,15368.06456060497,7.985063749814204e-15,2.202670605892644e-12,1.0332922344862186e-11,2.048079859419961e-12,2.011231974121076e8,5.787965998100119e8,1.7291988231712142e-14,3.532380884318452e-17,9.801225556642913e-20,2.60321487792509e-11,6.57301528785279e-16,1.2360638766203068e-12,7.177619943817438e7,7.2635100394025e-14,6.720644751699921e-15,2.2615654147526954e-13,1.6956072011536105e-12,2.016576664966352e-15,1.1102413604970694e-10,2.8845434394908906e-12,2.13542695936183e-12,9.610852056346699e-12,9.763438729978633e-12,2.0e-11,8.533542450135804e-12,7.394710344591682e-13,3.23799514769388e-12,4.0e-12,5.979752653864326e-12,1.5408165935211986e-13,3.348761965319585e-14,8.842569100503279e-13,2.1574651477950267e6,6.0e-6,0.0004,402.4833613355573,1.2095207779119532e-14,6.309484960921885e-15,1.5505588327487347e-16,5.865611088159914e-15,0.0,2.492640497305864e-12,2.9530997992912016e-15,1.91408869502644e-17,0.04513889910689166,0.06217069594197141,1.0309323253755672e-13,6.3876461989245075e-15,4.734702937914342e-12,4.654154526633319e-13,7.693810999754234e-15,7.686117188754479e-12,5.813405178326122e-12,1.2e-12,2.585266040938847e-13,2.21112758674111e-13,2.21112758674111e-13,5.913906480677103e-18,6.014520442833889e-12,4.009680295222592e-12,3.9710119464751755e-17,3.3880635217779885e-17,5.5e-16,8.492760733877232e-12,2.888436430571546e-17,2.3504150200842006e-14,9656.159659915707,1.5044005309413253,8.959458297836569e-13
390.0,true,53441.86702438139,15361.493800570635,7.991861381119137e-15,2.2021503893027045e-12,1.033211994405209e-11,2.0477259278832623e-12,2.0110682777698854e8,5.787344299646506e8,1.730134791046689e-14,3.535986780827854e-17,9.798553642524073e-20,2.6030965955482676e-11,6.576437251710672e-16,1.23598561049731e-12,7.017173694881992e7,7.266330927900837e-14,6.726477131805068e-15,2.2615212826924352e-13,1.695719270488228e-12,2.0171344819434386e-15,1.110126713629435e-10,2.8550512331227686e-12,2.1131486260951202e-12,9.60871524001376e-12,9.760795400059643e-12,2.0e-11,8.53259075882095e-12,7.393084396947044e-13,3.2370723837828016e-12,4.0e-12,5.979110468425863e-12,1.5402275804473354e-13,3.34996557558308e-14,8.841239890945838e-13,2.157643352572967e6,6.0e-6,0.0004,393.48637541394345,1.0160517529182201e-14,6.093861990494391e-15,1.3002633919200338e-16,5.5886365932058974e-15,0.0,2.4875195661971884e-12,2.5901707978553794e-15,1.635809249486417e-17,0.045342760379683295,0.06244979740366062,1.0314605155027338e-13,6.392106933296634e-15,4.73338062128567e-12,4.65062575409608e-13,7.692666965757788e-15,7.684974298792029e-12,5.811587144829931e-12,1.2e-12,2.58582141096342e-13,2.2103216733163075e-13,2.2103216733163075e-13,5.385063551667561e-18,6.014048418084233e-12,4.009365612056156e-12,3.5472056736426376e-17,3.064052132140583e-17,5.5e-16,8.49228714907723e-12,2.462610397402143e-17,2.3512355686037415e-14,9659.94948790298,1.510713586178491,8.960735204050029e-13
405.0,true,53537.42052976204,15388.959992570588,7.97394490190763e-15,2.2041988095864776e-12,1.0334236435599494e-11,2.049168811277026e-12,2.0121624924209276e8,5.790890633964558e8,1.7276672401272798e-14,3.5264840564039186e-17,9.80883167507272e-20,2.6034085805852677e-11,6.567415560870224e-16,1.2362533057935237e-12,6.880607693941262e7,7.258893111877522e-14,6.711104967693026e-15,2.261908271041496e-13,1.6954237001436239e-12,2.0156638571851674e-15,1.110429123860932e-10,2.8362134824014187e-12,2.1010645158478396e-12,9.616230230418299e-12,9.769199575677343e-12,2.0e-11,8.535101103356802e-12,7.398603064312153e-13,3.239506770245464e-12,4.0e-12,5.980804401352038e-12,1.5417861391888502e-13,3.3478941230424485e-14,8.845915995750217e-13,2.1578837688782974e6,6.0e-6,0.0004,385.82846881913616,1.0501512330490135e-14,6.1242578090054904e-15,1.3424096443302389e-16,5.636434554507388e-15,0.0,2.4848104228810493e-12,2.655638110469143e-15,1.6749924049071467e-17,0.04480935403222797,0.06172655145817701,1.030067981725999e-13,6.3803483297355856e-15,4.736868878695023e-12,4.659938595725217e-13,7.695684758263959e-15,7.687989073505695e-12,5.817201404489113e-12,1.2e-12,2.584356862907356e-13,2.212447338140169e-13,2.212447338140169e-13,5.477188691254742e-18,6.015293477979541e-12,4.010195651986361e-12,3.585795912836678e-17,3.07804467643726e-17,5.5e-16,8.49353630068071e-12,2.5235330316968608e-17,2.3490719648379302e-14,9653.134855180042,1.4943272772311587,8.957367717318866e-13
420.0,true,53516.602745713215,15382.9760650169,7.982123686292695e-15,2.2037013625332786e-12,1.033326962455066e-11,2.048839950329458e-12,2.012092168175729e8,5.790506697516541e8,1.728793915089257e-14,3.530821476634208e-17,9.806229119084283e-20,2.6032660694472573e-11,6.57153489374864e-16,1.2361708483200861e-12,6.733461514992146e7,7.262289564155481e-14,6.718122201677238e-15,2.2619069498101084e-13,1.6955587024539663e-12,2.0163353459383205e-15,1.1102909806600316e-10,2.808663057315213e-12,2.080258409740264e-12,9.614015507196054e-12,9.766289102217591e-12,2.0e-11,8.533954352864517e-12,7.39687935791894e-13,3.238394579956305e-12,4.0e-12,5.980030598138439e-12,1.5410766234719555e-13,3.349555239116955e-14,8.844539141870412e-13,2.1582347073199954e6,6.0e-6,0.0004,377.5772812145129,1.0189404703650972e-14,6.086887844034554e-15,1.3122009513304403e-16,5.552674602718929e-15,0.0,2.4830160485268525e-12,2.5790997050020712e-15,1.635803722678467e-17,0.045053724385643965,0.062062517879503204,1.0307038208645238e-13,6.385716662302705e-15,4.7352752927871516e-12,4.655682500151672e-13,7.694306163750967e-15,7.686611857587216e-12,5.815167888267658e-12,1.2e-12,2.585025726718887e-13,2.2114763734894952e-13,2.2114763734894952e-13,5.402921430570928e-18,6.014724735629917e-12,4.009816490419945e-12,3.5436694385270174e-17,3.0376525620445737e-17,5.5e-16,8.492965698528711e-12,2.463957786646925e-17,2.3500599945975303e-14,9658.308936860747,1.5019253692684416,8.958905739004102e-13
435.0,true,53549.35848540477,15392.39147507313,7.977766406312037e-15,2.2043819384067744e-12,1.0333784562368497e-11,2.049328187973514e-12,2.0125368430613014e8,5.791883124240173e8,1.7281937268525878e-14,3.528510588567464e-17,9.809600107050284e-20,2.603341973668871e-11,6.569340506861407e-16,1.2362524696088408e-12,6.6019256996587716e7,7.260480326290332e-14,6.714383724916451e-15,2.2620739927758675e-13,1.6954867953231366e-12,2.015977640234988e-15,1.1103645572348861e-10,2.787063468352845e-12,2.0648880136968263e-12,9.616349861591939e-12,9.76871945894923e-12,2.0e-11,8.534565123258093e-12,7.398553317855662e-13,3.238986914317418e-12,4.0e-12,5.980442733686797e-12,1.5414570432750248e-13,3.349348092621928e-14,8.845991887756488e-13,2.158484530980863e6,6.0e-6,0.0004,370.201441102361,1.190419139599908e-14,6.268360733504586e-15,1.5142798454707092e-16,5.6546791701623886e-15,0.0,2.480478571203204e-12,2.7344226293868345e-15,1.9428922593649125e-17,0.0449248239694295,0.061889632963893805,1.0303651073241512e-13,6.382856784761218e-15,4.736124027967004e-12,4.657948940649713e-13,7.69504040882501e-15,7.687345368416185e-12,5.816754359447496e-12,1.2e-12,2.584669450659383e-13,2.2119935312645273e-13,2.2119935312645273e-13,5.7377195579559294e-18,6.015027656119564e-12,4.010018437413043e-12,3.743015952481433e-17,3.206994814026565e-17,5.5e-16,8.493269611520215e-12,2.9667881230125114e-17,2.3495336921619782e-14,9657.506848568763,1.4980016013012951,8.95808651520267e-13
450.0,true,53542.14285235499,15390.31739142798,7.977971191789074e-15,2.204241087032752e-12,1.0333760354208127e-11,2.0492232406765087e-12,2.0124092840318677e8,5.791511475392315e8,1.728221937451649e-14,3.5286191911382257e-17,9.808921761777718e-20,2.603338405308956e-11,6.569443650101872e-16,1.236238760810052e-12,6.518485979923754e7,7.260565369725431e-14,6.714559426703378e-15,2.2620225741940713e-13,1.6954901756591424e-12,2.015994453519213e-15,1.110361098239626e-10,2.7725966056314272e-12,2.0540315516681106e-12,9.615937700026162e-12,9.768374695442856e-12,2.0e-11,8.534536409537223e-12,7.398276657770485e-13,3.2389590658396452e-12,4.0e-12,5.9804233582712984e-12,1.541438480075516e-13,3.349180332765519e-14,8.845735197423491e-13,2.158358398680905e6,6.0e-6,0.0004,365.5225783134815,1.0591650704460633e-14,6.112848793791012e-15,1.3564909195968457e-16,5.487686460595848e-15,0.0,2.4735953376433753e-12,2.5594471525980818e-15,1.7207387569847204e-17,0.04493050273266987,0.061896102951264166,1.0303810279900102e-13,6.382991200901778e-15,4.736084125745063e-12,4.65784236979622e-13,7.69500588988307e-15,7.687310883993186e-12,5.816547949382741e-12,1.2e-12,2.5846861983451756e-13,2.2119692191324852e-13,2.2119692191324852e-13,5.234207722383731e-18,6.0150134152745695e-12,4.01000894351638e-12,3.392550283295168e-17,2.959931326364858e-17,5.5e-16,8.493255324115145e-12,2.628639375589424e-17,2.3495584313656764e-14,9657.032756695144,1.4981523130875498,8.958125025806216e-13
465.0,true,53567.399498667204,15397.577239134482,7.973390275537232e-15,2.204780431669136e-12,1.0334302036951381e-11,2.049603785666396e-12,2.012704000680866e8,5.792461386241719e8,1.7275908219003418e-14,3.526189955786805e-17,9.811624792734266e-20,2.603418250240542e-11,6.567136157929752e-16,1.2363085767450431e-12,6.4060430895781696e7,7.25866272033584e-14,6.710629114380323e-15,2.262127601089388e-13,1.6954145406339138e-12,2.0156183121565664e-15,1.1104384974919385e-10,2.754311131057708e-12,2.0409619994325155e-12,9.6179025598717e-12,9.770557201034565e-12,2.0e-11,8.535178915894976e-12,7.399716384632937e-13,3.2395822461297293e-12,4.0e-12,5.980856907483509e-12,1.5418377038430932e-13,3.348674452080308e-14,8.846957551661889e-13,2.158435559346153e6,6.0e-6,0.0004,359.2173695090562,1.1198000209302432e-14,6.160874706750406e-15,1.4364790798819696e-16,5.493290951195915e-15,0.0,2.4644545962691544e-12,2.6357649180158692e-15,1.8216068052538617e-17,0.0447946912004848,0.06171208384894058,1.0300248542890091e-13,6.379984252210104e-15,4.736977018172531e-12,4.660227507893514e-13,7.695778304771363e-15,7.688082526466592e-12,5.81800286784194e-12,1.2e-12,2.584311486805678e-13,2.2125132190905e-13,2.2125132190905e-13,5.341433543692399e-18,6.015332069063996e-12,4.010221379375998e-12,3.477005942811807e-17,3.018664997759148e-17,5.5e-16,8.493575017393219e-12,2.7836116729844955e-17,2.3490049421249966e-14,9655.358731664735,1.4939813356543967,8.957263372200332e-13
480.0,true,53613.33105129975,15410.779945183165,7.96640843753261e-15,2.20574487146281e-12,1.0335128276727124e-11,2.0502909162250438e-12,2.0132923235385904e8,5.794309783744303e8,1.7266286759457252e-14,3.5224880588107784e-17,9.816425374059547e-20,2.6035400360048542e-11,6.563618286548324e-16,1.2364278541379017e-12,6.2887786943036966e7,7.255761722470545e-14,6.704638955194826e-15,2.2623444821994115e-13,1.695299187114436e-12,2.01504487163264e-15,1.1105565587325555e-10,2.7357527530425156e-12,2.0280726152610252e-12,9.621293039697863e-12,9.774186038699981e-12,2.0e-11,8.536158972284581e-12,7.402170118152666e-13,3.240532963781327e-12,4.0e-12,5.9815182257330395e-12,1.542447823125595e-13,3.3481337336674713e-14,8.849066820144599e-13,2.158702003667475e6,6.0e-6,0.0004,352.64179594226334,1.189535890792333e-14,6.2041819714600106e-15,1.510749410636039e-16,5.526387714565366e-15,0.0,2.4484576725350104e-12,2.759518840555382e-15,1.9283893107508193e-17,0.044588818074097245,0.061434592096388956,1.0294818482904214e-13,6.3754007230446324e-15,4.738339121480779e-12,4.663867642711624e-13,7.696956556352273e-15,7.689259599795921e-12,5.820393516600189e-12,1.2e-12,2.5837400740614336e-13,2.213342956040851e-13,2.213342956040851e-13,5.528691732296834e-18,6.015818118553606e-12,4.010545412369071e-12,3.6442578425011665e-17,3.1619648900067936e-17,5.5e-16,8.494062642995739e-12,2.9451840301003626e-17,2.3481610006120445e-14,9653.471237197082,1.4876852562173897,8.955949320903083e-13
495.0,true,53749.53067867257,15449.92958287402,7.943788443286977e-15,2.20862609977205e-12,1.0337810593564505e-11,2.052332746380171e-12,2.014956768806557e8,5.799604415122334e8,1.7235093722599092e-14,3.5104989650339975e-17,9.83082164617553e-20,2.6039353752427964e-11,6.55221273591215e-16,1.2367918995028137e-12,6.1753044071853034e7,7.246353465920146e-14,6.685232536009948e-15,2.262948226466807e-13,1.6949248194032737e-12,2.0131857040029097e-15,1.1109398559173601e-10,2.7216146867379227e-12,2.0201323512666255e-12,9.631603202745834e-12,9.785435119242274e-12,2.0e-11,8.539340877168538e-12,7.409680909004076e-13,3.2436207865878673e-12,4.0e-12,5.983665278487046e-12,1.5444294252257906e-13,3.3459701468743965e-14,8.855478029172298e-13,2.1593030682254336e6,6.0e-6,0.0004,346.2787518047833,1.2777207481588128e-14,6.270172275043248e-15,1.6295998981849173e-16,5.534411228395368e-15,0.0,2.4349042104461227e-12,2.9313244329863088e-15,2.0732344384104324e-17,0.04392622562703826,0.060538742828910995,1.0277212966544195e-13,6.360545890990803e-15,4.742762373537682e-12,4.675701988190199e-13,7.70078224346968e-15,7.693081461226209e-12,5.827850248773959e-12,1.2e-12,2.5818862166938967e-13,2.216036315768473e-13,2.216036315768473e-13,5.659525131761618e-18,6.0173960395423125e-12,4.0115973596948755e-12,3.787795060584745e-17,3.24482488218365e-17,5.5e-16,8.495645602106396e-12,3.174447421467516e-17,2.3454237703405608e-14,9646.16785518441,1.4673551860137408,8.951685417838687e-13
510.0,true,53922.41741704111,15499.624676019586,7.91272892840643e-15,2.2123084270519098e-12,1.034150729392254e-11,2.0549277908128425e-12,2.0169662652128634e8,5.806083884612596e8,1.7192209822527555e-14,3.494047810191188e-17,9.84929435029049e-20,2.6044801519170658e-11,6.53653120334234e-16,1.2372662636604384e-12,6.0645494637589216e7,7.233411226256151e-14,6.658587329919091e-15,2.2636639896677522e-13,1.694409169973558e-12,2.010629591279611e-15,1.1114681600292752e-10,2.7098776085258564e-12,2.014625250284274e-12,9.645004801607248e-12,9.800321334606262e-12,2.0e-11,8.543726687121037e-12,7.419505690086948e-13,3.2478798521765832e-12,4.0e-12,5.9866246412429055e-12,1.5471647754599738e-13,3.34251768680817e-14,8.86380552949104e-13,2.1598252594602075e6,6.0e-6,0.0004,340.06819422947217,1.3202581955926436e-14,6.279007008834539e-15,1.6971008011509292e-16,5.450908777912648e-15,0.0,2.4153446187232266e-12,2.9854266575021113e-15,2.1118044190415148e-17,0.043028452078840276,0.05932161842445877,1.0253006284435663e-13,6.34013633407944e-15,4.748861640702757e-12,4.692054341671148e-13,7.706056195894982e-15,7.698350139699087e-12,5.837773440004852e-12,1.2e-12,2.5793342446402665e-13,2.2197474590479272e-13,2.2197474590479272e-13,5.581691981966102e-18,6.019570696968135e-12,4.01304713131209e-12,3.7884673104754534e-17,3.246455553557824e-17,5.5e-16,8.497827006067952e-12,3.243405969906193e-17,2.3416577789673783e-14,9634.74875402548,1.4397127318014271,8.945814153473689e-13
525.0,true,54103.84226509809,15551.773989542355,7.87884989679461e-15,2.2161844790618313e-12,1.0345557672371275e-11,2.0576496683876963e-12,2.019010563004839e8,5.81273135869968e8,1.714536306874448e-14,3.4761179055232434e-17,9.86878982306342e-20,2.6050769568003867e-11,6.51939885121077e-16,1.2377701415773057e-12,5.950266916694702e7,7.219262582969563e-14,6.629525644617241e-15,2.26438376052395e-13,1.6938445778858488e-12,2.0078370731574714e-15,1.1120470806125422e-10,2.698056976938487e-12,2.0091798195170515e-12,9.659240699716579e-12,9.81628847211799e-12,2.0e-11,8.54853289016342e-12,7.429980036231462e-13,3.2525510692008606e-12,4.0e-12,5.989867603218424e-12,1.5501690409194645e-13,3.338477625546113e-14,8.872644295511634e-13,2.1602272950921864e6,6.0e-6,0.0004,333.65982710437584,1.4634863675462808e-14,6.39723148853907e-15,1.8659054616906937e-16,5.517641037891482e-15,0.0,2.397372318728513e-12,3.2421186125878457e-15,2.3197276405544145e-17,0.04206563812486,0.05801430746154189,1.0226559001641911e-13,6.317857625031796e-15,4.755548773833196e-12,4.710027956111314e-13,7.71183670895372e-15,7.704124872244767e-12,5.848448849555036e-12,1.2e-12,2.576542056539115e-13,2.2238126326407525e-13,2.2238126326407525e-13,5.865894493886343e-18,6.021953422051462e-12,4.014635614700974e-12,4.066596934682021e-17,3.439012379541082e-17,5.5e-16,8.500216861294388e-12,3.5728851379494446e-17,2.337539963531871e-14,9621.499963065642,1.40998623608737,8.939387989383315e-13
540.0,true,54287.07363320658,15604.44257471705,7.843811765119006e-15,2.2201054696268057e-12,1.0349766667765228e-11,2.0603955695498635e-12,2.0210280808964488e8,5.819332955796862e8,1.7096836338754865e-14,3.457590701842221e-17,9.888552214177507e-20,2.605697030469262e-11,6.501650229945809e-16,1.238282480401709e-12,5.83911344316049e7,7.204595035558267e-14,6.599472227138743e-15,2.265087920022471e-13,1.6932583091467562e-12,2.004944188811985e-15,1.11264875151551e-10,2.6869066614045318e-12,2.004232662811904e-12,9.673729651264517e-12,9.83264667219113e-12,2.0e-11,8.553528178652922e-12,7.440668191741766e-13,3.2574103925378908e-12,4.0e-12,5.993238078108997e-12,1.5532994004546418e-13,3.3341077271976485e-14,8.881632704670806e-13,2.160529337169191e6,6.0e-6,0.0004,327.4269220463826,1.576619546220262e-14,6.432087858145962e-15,2.0534435640752056e-16,5.536708412497956e-15,0.0,2.3542059465148954e-12,3.5045174661804673e-15,2.453936482633499e-17,0.04108794118499352,0.056685310945111964,1.0199159218149856e-13,6.2947985889402465e-15,4.762502565665186e-12,4.728768492112762e-13,7.717845786912478e-15,7.710127941125567e-12,5.859407431578837e-12,1.2e-12,2.573644881992476e-13,2.228035865894031e-13,2.228035865894031e-13,5.900362356554425e-18,6.024429467590324e-12,4.0162863117268825e-12,4.17841449275569e-17,3.517749724050144e-17,5.5e-16,8.502700026232404e-12,3.786501836408921e-17,2.3332702653090465e-14,9607.242858569889,1.3797254538870347,8.932717723132249e-13
555.0,true,54522.18455193031,15672.023576682672,7.800225751630968e-15,2.2251144496664343e-12,1.0355031215146691e-11,2.0639054953748047e-12,2.0236505299881804e8,5.827877077317765e8,1.703636076278382e-14,3.4345665987044653e-17,9.913791683536263e-20,2.6064724619267307e-11,6.47952863366596e-16,1.2389303152507205e-12,5.724529161149501e7,7.186299395379392e-14,6.562090635161473e-15,2.2660088254963503e-13,1.6925256340667489e-12,2.001338655712579e-15,1.1134014259157142e-10,2.677031480882329e-12,2.0011511774512573e-12,9.692130167049026e-12,9.853315840883279e-12,2.0e-11,8.55977745680122e-12,7.454223485366567e-13,3.2634957923996472e-12,4.0e-12,5.997454555773186e-12,1.5572285923390694e-13,3.328812503330737e-14,8.893037571297256e-13,2.1610109039522335e6,6.0e-6,0.0004,321.00163520464486,1.8852765897034107e-14,6.706048105132021e-15,2.511681869822791e-16,5.7823122023033e-15,0.0,2.325168078616677e-12,4.058243085495097e-15,2.881231652940592e-17,0.03989775594187541,0.05506784370399292,1.0165006905885431e-13,6.26608824107837e-15,4.771207113497703e-12,4.752299604851937e-13,7.725364997863781e-15,7.717639632865916e-12,5.873232113746939e-12,1.2e-12,2.570027380120738e-13,2.2333165974775252e-13,2.2333165974775252e-13,6.572604609276052e-18,6.027526482745323e-12,4.018350988496882e-12,4.773204000118856e-17,3.919415891142938e-17,5.5e-16,8.505805530449947e-12,4.459461853135238e-17,2.3279432037426437e-14,9589.909196148463,1.3428305538206986,8.924385473449361e-13
570.0,true,54763.86935325864,15741.494195581585,7.752950467574118e-15,2.2302879218242006e-12,1.0360777787880135e-11,2.0675121328404835e-12,2.0262218244096807e8,5.836367085345788e8,1.6970627060697874e-14,3.409622592380701e-17,9.939960497516239e-20,2.6073187056975614e-11,6.455480246928158e-16,1.2396082685540253e-12,5.619205896433976e7,7.166392199048922e-14,6.521549522167565e-15,2.266894859209742e-13,1.6917266614806998e-12,1.9974192100893682e-15,1.1142231597383086e-10,2.669512524714735e-12,1.9999125599724454e-12,9.711387323693145e-12,9.875242112131372e-12,2.0e-11,8.566600504964387e-12,7.468482247577429e-13,3.270147812505706e-12,4.0e-12,6.002058034111427e-12,1.5615324007745808e-13,3.322563623828843e-14,8.904959917199415e-13,2.1612232150157206e6,6.0e-6,0.0004,315.0956577439613,2.1771409099219066e-14,6.9883302015105594e-15,2.938222677214622e-16,6.00790458334842e-15,0.0,2.3101320507673974e-12,4.5926327300873444e-15,3.267476533202928e-17,0.03863763889221718,0.0533519255592948,1.0127877828248182e-13,6.2349151513958184e-15,4.7807173296566245e-12,4.778100747654847e-13,7.733576666002787e-15,7.725843089336784e-12,5.887957524966697e-12,1.2e-12,2.566086555759822e-13,2.2390787846462697e-13,2.2390787846462697e-13,7.092081331731088e-18,6.030907081725254e-12,4.02060472115017e-12,5.2644114083196563e-17,4.2724403070552577e-17,5.5e-16,8.509194868583341e-12,5.0661812780533896e-17,2.322145355023204e-14,9569.647403616242,1.303622019899746,8.915304016677113e-13
585.0,true,54922.89869748956,15787.20607694976,7.725013039516587e-15,2.2336493001103905e-12,1.036419174137674e-11,2.0698686499138e-12,2.028028265243215e8,5.842215347023847e8,1.693171299250367e-14,3.394896092399813e-17,9.956897699084248e-20,2.6078213543416162e-11,6.441242031115159e-16,1.2400351900678642e-12,5.5323490080874205e7,7.15459696327227e-14,6.497593921129287e-15,2.2675348943051562e-13,1.6912523920382922e-12,1.9950987006139656e-15,1.1147114107781168e-10,2.6605465749368354e-12,1.996067108431348e-12,9.723616040891035e-12,9.888866763320055e-12,2.0e-11,8.570654758244562e-12,7.477473266820032e-13,3.274104346648291e-12,4.0e-12,6.004793355307223e-12,1.5640993615417957e-13,3.3193134627986916e-14,8.912525183878218e-13,2.161645618675714e6,6.0e-6,0.0004,310.2251780235936,2.3665682677812084e-14,7.173857538601879e-15,3.2476282103161565e-16,6.239487674628747e-15,0.0,2.3034461202152574e-12,5.181484517453465e-15,3.396159678181234e-17,0.03790904067657455,0.052361979803452946,1.0105893954738578e-13,6.216477306207878e-15,4.786371486761956e-12,4.793486093176608e-13,7.738457069673052e-15,7.730718612603378e-12,5.897046945145318e-12,1.2e-12,2.5637492655794497e-13,2.242501004752054e-13,2.242501004752054e-13,7.506945415735767e-18,6.032915454806984e-12,4.0219436365379896e-12,5.666316176335828e-17,4.538192989644762e-17,5.5e-16,8.51120817307018e-12,5.245323457980309e-17,2.3187092972964455e-14,9558.9461004016,1.2809559049074264,8.90991561668824e-13
600.0,true,55015.444134041456,15813.807620440266,7.709779979942651e-15,2.2355912643278596e-12,1.036605890188147e-11,2.071234355017692e-12,2.02911648745803e8,5.845703097586737e8,1.6910473266927152e-14,3.386870837010351e-17,9.966661107441002e-20,2.608096234034471e-11,6.433470129899156e-16,1.240277371258582e-12,5.431585803078294e7,7.148155764434773e-14,6.484532686242791e-15,2.26792578908744e-13,1.6909931267572394e-12,1.9938320723004e-15,1.1149784676269528e-10,2.6459492792264115e-12,1.986776495025765e-12,9.730587482981696e-12,9.896533533957273e-12,2.0e-11,8.572872358135901e-12,7.482577611393017e-13,3.2762697281792157e-12,4.0e-12,6.006289504008486e-12,1.5655065752333386e-13,3.317700881468447e-14,8.916836097322292e-13,2.1619829654584797e6,6.0e-6,0.0004,304.57490484551175,2.558646246119682e-14,7.368860004087777e-15,3.523439627620922e-16,6.248626917837624e-15,0.0,2.2959085358679444e-12,5.397745647041673e-15,3.703973923590715e-17,0.03751675835006014,0.051829762470112166,1.0093893776657068e-13,6.206418910482575e-15,4.789465207298893e-12,4.80191875249523e-13,7.741126883829832e-15,7.733385756946002e-12,5.9021408263360124e-12,1.2e-12,2.562472180152724e-13,2.2443723691040134e-13,2.2443723691040134e-13,7.593467334128114e-18,6.034013877812763e-12,4.022675918541843e-12,5.802530801556445e-17,4.631458000645952e-17,5.5e-16,8.512309211094705e-12,5.760985912600121e-17,2.3168326768045323e-14,9553.569840059741,1.26875549155129,8.906970719402678e-13
